Name,Phone,Email,Address,Postal Zip,Region,Country,List,Text,Number Range,Currency,Alphanumeric
Ivy Witt,(558) 556-8231,laoreet.ipsum@aol.org,8834 Nisl. Rd.,5357,Valle del Cauca,Russian Federation,17,"elit. Etiam laoreet, libero et tristique pellentesque, tellus sem mollis",5,$93.27,THW18QIL5FC
Germane Ortega,1-672-445-8320,nulla.facilisi.sed@aol.net,"P.O. Box 931, 7980 Aliquet, St.",524536,Central Region,Austria,13,"vestibulum lorem, sit amet ultricies sem magna nec quam. Curabitur",8,$95.41,KBQ92MTL6AU
Raven Myers,1-733-591-3272,volutpat@outlook.org,"694-9727 Vitae, Rd.",67776,Maranhão,Chile,17,urna. Ut tincidunt vehicula risus. Nulla eget metus eu erat,3,$82.66,XTP80IGV7DU
Tatiana Abbott,(561) 698-8285,mi.aliquam@yahoo.com,Ap #321-172 Tellus Avenue,7819,Mexico City,Australia,5,interdum enim non nisi. Aenean eget metus. In nec orci.,10,$9.32,PWN71GWR6QR
Rama White,1-585-254-2377,tristique@yahoo.couk,"169-2800 Est, Rd.",50100,Michoacán,Germany,19,"erat. Sed nunc est, mollis non, cursus non, egestas a,",8,$98.83,QWI12YPM9YK
Porter Horton,1-842-885-1275,mauris.ut@google.couk,"P.O. Box 850, 2686 Lectus. St.",40504,Berlin,Singapore,11,"at auctor ullamcorper, nisl arcu iaculis enim, sit amet ornare",9,$55.16,OUS38ZPB4JS
Brenda Blankenship,(845) 538-2732,egestas.blandit.nam@aol.net,Ap #875-817 Malesuada. St.,7157,East Region,Ireland,9,"interdum. Sed auctor odio a purus. Duis elementum, dui quis",1,$43.48,GUY14KXG6EQ
Rowan Stafford,(365) 327-4572,eu.odio@protonmail.org,212-2051 Proin Street,18342,Hidalgo,Vietnam,17,velit. Aliquam nisl. Nulla eu neque pellentesque massa lobortis ultrices.,1,$65.82,FNF44FNU9CE
Elijah Alford,(877) 878-4705,vel.pede@google.couk,909-7547 Ipsum Av.,8344,Warmińsko-mazurskie,Poland,11,molestie tortor nibh sit amet orci. Ut sagittis lobortis mauris.,6,$51.06,LUV45SES8BM
Upton Rose,1-455-986-4386,risus.in.mi@hotmail.org,960-6290 Varius Av.,52706,Viken,Italy,15,nunc sed pede. Cum sociis natoque penatibus et magnis dis,10,$63.63,ZDM85SNR5HK
Kenyon Luna,(724) 757-8783,fringilla@google.net,327 Malesuada. Rd.,1924,Swiętokrzyskie,Ireland,9,"enim nisl elementum purus, accumsan interdum libero dui nec ipsum.",8,$27.22,DZZ45WOL2BC
George Sullivan,(163) 401-4185,lorem@outlook.org,565-9555 Urna. Rd.,4293,South Island,Ireland,3,egestas nunc sed libero. Proin sed turpis nec mauris blandit,1,$29.60,FSY14RWN0UI
Boris Pruitt,1-418-238-5113,auctor.velit@icloud.ca,"2777 Nec, St.",R7H 6N0,Phú Yên,Belgium,19,"molestie orci tincidunt adipiscing. Mauris molestie pharetra nibh. Aliquam ornare,",8,$10.22,VKV44MSP3WB
Jarrod Landry,(471) 465-4043,cum.sociis@google.edu,Ap #498-9047 Donec Rd.,971258,Viken,Philippines,1,ultrices posuere cubilia Curae Donec tincidunt. Donec vitae erat vel,8,$34.67,NFR47PWC4VJ
Ashton Manning,1-532-891-1272,mauris.id@icloud.net,817-5994 Adipiscing Avenue,7488,Piura,Philippines,19,tellus justo sit amet nulla. Donec non justo. Proin non,2,$76.34,EVE67NUI1DO
Dustin Holland,1-806-344-9399,consectetuer@outlook.ca,Ap #975-4945 Metus. Avenue,5878,Stockholms län,France,9,Cras convallis convallis dolor. Quisque tincidunt pede ac urna. Ut,10,$23.35,PQV25TXR6HM
Libby Adkins,(340) 314-8167,egestas@icloud.com,Ap #755-7070 Et Rd.,6235,Umbria,Vietnam,9,"orci lobortis augue scelerisque mollis. Phasellus libero mauris, aliquam eu,",6,$81.45,GTF11QNK4RC
Jacob Mueller,(425) 452-5283,scelerisque.scelerisque@icloud.couk,1670 Turpis. Avenue,212583,Ancash,Singapore,15,"iaculis enim, sit amet ornare lectus justo eu arcu. Morbi",3,$16.92,HJI01IWW0EA
Channing Bowers,1-744-565-3516,dis.parturient@hotmail.edu,689-8002 A Av.,A1E 4S1,North Jeolla,Chile,15,"diam. Duis mi enim, condimentum eget, volutpat ornare, facilisis eget,",4,$52.55,RHV38PVX5EV
Tatiana Gillespie,1-411-241-0867,et.malesuada@yahoo.com,430-6126 Mus. St.,5827-5758,Aragón,France,7,"sed dolor. Fusce mi lorem, vehicula et, rutrum eu, ultrices",2,$1.69,SSF68DOS0KE
Faith Keith,(151) 277-4906,dolor.elit.pellentesque@outlook.couk,1561 Lacus. St.,77-42,Berlin,Germany,19,nascetur ridiculus mus. Proin vel arcu eu odio tristique pharetra.,7,$2.91,HJY82RYY6KE
Althea Chavez,(925) 184-7731,elementum@hotmail.ca,"P.O. Box 919, 7991 Semper Avenue",45366-99977,Nordland,Indonesia,7,"Aliquam ornare, libero at auctor ullamcorper, nisl arcu iaculis enim,",3,$93.72,WHA61AHM2WP
Gisela Massey,(547) 702-5466,sit.amet@google.couk,"Ap #547-4517 Id, Ave",4662-1587,Pomorskie,Chile,15,Nulla eu neque pellentesque massa lobortis ultrices. Vivamus rhoncus. Donec,5,$74.96,LSI05KTQ2BJ
Kai Ayala,(264) 124-5780,eu.eros@aol.org,Ap #516-4232 Eu Av.,6222,Gorontalo,Turkey,19,"nisi sem semper erat, in consectetuer ipsum nunc id enim.",2,$29.66,LBY36YWD4GG
Mary Kennedy,(556) 858-0312,tempor@hotmail.com,Ap #778-6898 Tristique Av.,6301,Coahuila,Canada,3,ut quam vel sapien imperdiet ornare. In faucibus. Morbi vehicula.,2,$13.62,WMB36VGD6JZ
Chava Petty,1-671-245-8434,in.lobortis@protonmail.edu,"705-1551 In, Avenue",879047,Stockholms län,France,9,risus. Donec egestas. Duis ac arcu. Nunc mauris. Morbi non,4,$81.65,TCN38LTN4AC
Larissa Durham,(712) 991-8473,est.nunc.laoreet@hotmail.couk,3931 Turpis St.,40019,Møre og Romsdal,Spain,5,metus. Vivamus euismod urna. Nullam lobortis quam a felis ullamcorper,0,$63.90,QUF48UBP7YM
Rajah Olsen,1-727-838-8857,blandit.nam@google.com,"P.O. Box 660, 6712 Tempor Av.",57561,Limpopo,South Korea,3,"ut, nulla. Cras eu tellus eu augue porttitor interdum. Sed",7,$17.61,FRO22MMA5FC
Uriah Ellis,1-715-631-6161,dolor.donec@protonmail.org,851-7251 Arcu. Road,50103,Oslo,Austria,9,"feugiat tellus lorem eu metus. In lorem. Donec elementum, lorem",0,$37.75,CLU94TFY6BF
Regina Campos,(789) 765-9276,vel.venenatis@outlook.org,"P.O. Box 700, 2270 Ac Ave",VB3 5VV,Aberdeenshire,United Kingdom,1,egestas. Fusce aliquet magna a neque. Nullam ut nisi a,10,$8.05,UXG56BJR7MH
Nolan Knox,1-281-663-6121,nunc.ut.erat@icloud.ca,Ap #655-9263 Lacus. Avenue,17697,Tasmania,Indonesia,11,"mollis dui, in sodales elit erat vitae risus. Duis a",3,$4.03,XBI29WMY3LX
Evelyn Edwards,1-215-881-1984,habitant@outlook.edu,Ap #453-160 Amet St.,451914,Limpopo,United States,17,"mollis. Phasellus libero mauris, aliquam eu, accumsan sed, facilisis vitae,",6,$57.80,OOU71ECB2GM
Rebecca Willis,1-370-870-4563,felis.ullamcorper@icloud.org,798-4550 Sem. Rd.,24755,Delhi,Singapore,17,"est, vitae sodales nisi magna sed dui. Fusce aliquam, enim",3,$26.27,NQT21VNM7NX
Abra Cooper,(614) 855-4446,donec.at.arcu@aol.net,Ap #523-2122 Nec Street,70616,Soccsksargen,Spain,19,lectus justo eu arcu. Morbi sit amet massa. Quisque porttitor,8,$68.98,VBF11NJR7NP
Zelenia Pace,(773) 387-9754,morbi.metus@aol.net,"P.O. Box 864, 5339 Magna. St.",8236,Georgia,Singapore,9,vulputate ullamcorper magna. Sed eu eros. Nam consequat dolor vitae,4,$19.17,XYN50LIK5NO
Hedy Scott,1-759-837-2783,lorem.tristique@google.couk,316-5151 Viverra. Rd.,272152,Cumberland,Netherlands,13,Mauris magna. Duis dignissim tempor arcu. Vestibulum ut eros non,8,$9.05,TQR01RMK7NS
Emma Haney,1-431-363-7853,fringilla@outlook.com,803 Neque Rd.,30015,Ulyanovsk Oblast,Sweden,1,interdum enim non nisi. Aenean eget metus. In nec orci.,2,$62.59,AYA72GVB8BI
Clark Russell,1-432-444-5569,duis.volutpat@hotmail.com,888-4369 Aliquam Road,735055,Ross-shire,Belgium,15,tristique aliquet. Phasellus fermentum convallis ligula. Donec luctus aliquet odio.,10,$66.34,YBF34XOY3RO
Abraham Thompson,(401) 858-7408,iaculis.quis@google.net,101-3471 Convallis Street,50877,Akwa Ibom,Netherlands,1,"Aliquam nec enim. Nunc ut erat. Sed nunc est, mollis",10,$34.22,OCW20NCC3DU
Chandler Craft,1-830-427-7664,interdum.libero@protonmail.net,136-4920 Sem Street,373179,Niger,Austria,9,Phasellus vitae mauris sit amet lorem semper auctor. Mauris vel,7,$50.51,HLX12AIT5UO
Seth Mcintyre,1-575-670-1216,dictum.phasellus@aol.edu,984-3126 Commodo St.,CK6T 3PL,Henegouwen,Australia,13,Vestibulum accumsan neque et nunc. Quisque ornare tortor at risus.,5,$50.91,THF87KOF7XB
Rhonda Moore,1-948-332-7111,justo.nec@protonmail.ca,988-1652 Eget Street,489255,Mersin,Sweden,1,"dictum eu, eleifend nec, malesuada ut, sem. Nulla interdum. Curabitur",9,$86.68,IMK77DVA3GG
Jonas Robles,(213) 834-3345,lacus.aliquam.rutrum@hotmail.edu,317-725 Amet St.,519742,Hidalgo,Vietnam,9,"felis ullamcorper viverra. Maecenas iaculis aliquet diam. Sed diam lorem,",4,$1.00,SUB68CKF1BW
Quinn Holden,(556) 840-2637,vel.arcu@protonmail.edu,505-9388 Leo. Rd.,51467,Gauteng,Costa Rica,15,dolor. Donec fringilla. Donec feugiat metus sit amet ante. Vivamus,1,$65.48,EXW82NSI6UJ
Reece Rowland,(287) 412-1857,enim@aol.org,Ap #196-3446 Sollicitudin Avenue,541348,Maine,Nigeria,13,"facilisis non, bibendum sed, est. Nunc laoreet lectus quis massa.",5,$73.03,WKF03VQP7OB
Rebecca Levine,(893) 421-1176,donec.consectetuer@yahoo.com,782-7376 Curabitur Road,389878,North Jeolla,Canada,5,convallis dolor. Quisque tincidunt pede ac urna. Ut tincidunt vehicula,7,$7.76,DYV36ZRD3BB
Graham Lester,(408) 823-9682,quisque.purus@google.com,820-3546 Sit Avenue,2721,Kursk Oblast,Singapore,7,Donec nibh. Quisque nonummy ipsum non arcu. Vivamus sit amet,8,$87.23,WCS93IMW5ST
Dominique Gates,1-977-827-4505,ornare.placerat@outlook.net,Ap #117-4144 Lorem Rd.,768751,Zeeland,Costa Rica,9,sagittis. Nullam vitae diam. Proin dolor. Nulla semper tellus id,3,$49.94,BVJ88KVP4OT
Kaseem Beard,1-392-745-4335,pede@icloud.net,"Ap #680-9792 Non, St.",41826,South Island,Philippines,15,"cursus et, eros. Proin ultrices. Duis volutpat nunc sit amet",3,$45.06,YZO37PIC5IW
Declan Serrano,1-459-277-6833,ultricies.dignissim.lacus@google.com,"P.O. Box 513, 7789 Quam Ave",36491,Baden Württemberg,India,9,"sit amet, consectetuer adipiscing elit. Curabitur sed tortor. Integer aliquam",1,$39.63,ETG34CXN7RY
Davis Hendrix,1-964-903-7798,ridiculus.mus@icloud.net,"3768 Ut, Rd.",1419 XV,Sokoto,Italy,19,"non leo. Vivamus nibh dolor, nonummy ac, feugiat non, lobortis",9,$99.90,RTE89EIE5XV
Cade Heath,(837) 565-1570,orci@aol.net,Ap #937-7272 Ad St.,84320,North Region,Chile,5,Phasellus fermentum convallis ligula. Donec luctus aliquet odio. Etiam ligula,4,$40.43,COF15MAA6DE
Cade Vaughn,1-302-314-5821,nunc.ullamcorper@google.couk,589-6488 Mollis Ave,30715,Prince Edward Island,China,1,Nulla semper tellus id nunc interdum feugiat. Sed nec metus,7,$44.86,KKE68ERG6CS
Jane Mays,1-572-311-8981,ut.nec@protonmail.edu,893-7946 Lacus. Road,89-734,Huádōng,Netherlands,5,"est, vitae sodales nisi magna sed dui. Fusce aliquam, enim",7,$70.18,MNG25HTC6VW
Ruth Brewer,(885) 343-0101,odio.auctor@icloud.net,Ap #148-4373 Mauris Avenue,177067,Rivers,Turkey,15,urna. Vivamus molestie dapibus ligula. Aliquam erat volutpat. Nulla dignissim.,4,$37.61,ISV81SHX1RH
Iris Livingston,1-295-571-6845,libero.lacus@google.org,401-5017 Leo. St.,4614,National Capital Region,Indonesia,9,a tortor. Nunc commodo auctor velit. Aliquam nisl. Nulla eu,10,$75.70,NDJ55FIT8HF
Jana Fischer,1-624-518-4138,integer.aliquam@protonmail.org,Ap #278-4927 Etiam Road,46651,West Sumatra,China,1,fringilla cursus purus. Nullam scelerisque neque sed sem egestas blandit.,1,$95.36,LFX85OTL7AL
Whilemina Santana,(517) 978-0325,tempus.mauris@aol.org,490-9301 Bibendum Ave,5819,Huáběi,Canada,11,"ac libero nec ligula consectetuer rhoncus. Nullam velit dui, semper",7,$76.55,NNE80ABD1CP
Ross Larsen,(918) 831-8377,sit.amet@aol.ca,"Ap #346-2815 Nec, St.",327951,Limburg,Spain,15,"malesuada ut, sem. Nulla interdum. Curabitur dictum. Phasellus in felis.",7,$39.65,ERG87XDO2LN
Scott Casey,(845) 233-0725,dolor.donec@yahoo.edu,"P.O. Box 591, 3639 Viverra. St.",601735,Arizona,Belgium,13,"tincidunt nibh. Phasellus nulla. Integer vulputate, risus a ultricies adipiscing,",6,$52.71,GYE81INY6OF
Brendan Church,(961) 308-3888,varius.et@icloud.com,5899 Cras Ave,32629-60721,Schleswig-Holstein,Mexico,13,Aliquam nisl. Nulla eu neque pellentesque massa lobortis ultrices. Vivamus,4,$29.36,NMO34YKZ8IB
John Forbes,(774) 676-8782,nunc@google.ca,9338 Eget Ave,T6H 4A1,Central Java,Chile,9,"lorem, auctor quis, tristique ac, eleifend vitae, erat. Vivamus nisi.",1,$34.15,LDL14IWJ8FS
Beverly Berger,1-814-799-6236,amet.massa@icloud.org,Ap #688-2992 Ultricies St.,821212,Marche,India,17,"aliquam eu, accumsan sed, facilisis vitae, orci. Phasellus dapibus quam",1,$87.97,OWV63MVE7PV
Irene Vega,(720) 593-5753,ipsum.primis@yahoo.org,389-9631 Dictum Ave,22385,Aisén,Philippines,17,a odio semper cursus. Integer mollis. Integer tincidunt aliquam arcu.,6,$16.54,IKQ43QZU0DP
Brett Melton,1-626-126-2471,sit.amet@yahoo.com,"P.O. Box 894, 9098 Nascetur Rd.",578526,Tyrol,France,19,metus facilisis lorem tristique aliquet. Phasellus fermentum convallis ligula. Donec,8,$63.96,PTT81DDG5XI
Clarke Shields,1-477-172-4653,elit.aliquam.auctor@yahoo.ca,763-801 In Ave,35503,Brussels Hoofdstedelijk Gewest,Turkey,1,"semper et, lacinia vitae, sodales at, velit. Pellentesque ultricies dignissim",8,$4.04,UJS07OEZ0XZ
Dominic Crawford,(622) 431-5467,urna.convallis@protonmail.couk,"P.O. Box 832, 6828 Etiam Avenue",61003,Northern Cape,Colombia,15,"nunc, ullamcorper eu, euismod ac, fermentum vel, mauris. Integer sem",7,$24.00,VHU63HPO3RC
Camille Salazar,(518) 643-2751,in.faucibus.orci@outlook.com,"Ap #283-8431 Montes, Av.",89709,FATA,Spain,5,"dictum magna. Ut tincidunt orci quis lectus. Nullam suscipit, est",8,$41.42,VRN67WWG5YG
Aristotle Rowland,1-611-972-3547,arcu@aol.couk,Ap #675-3405 Felis Ave,74654,Tver Oblast,Nigeria,19,"est. Nunc laoreet lectus quis massa. Mauris vestibulum, neque sed",2,$8.27,TPF17ERO5NR
Tiger Peck,(711) 614-5569,eleifend.nec@hotmail.ca,656-3144 A Street,32773835,North Gyeongsang,Canada,13,Aliquam ultrices iaculis odio. Nam interdum enim non nisi. Aenean,8,$78.09,SXA32ITT3RD
Keegan Hammond,1-984-268-0882,nulla.interdum@outlook.org,"P.O. Box 261, 514 Sed St.",16852,Ivano-Frankivsk oblast,Norway,9,"vitae, posuere at, velit. Cras lorem lorem, luctus ut, pellentesque",10,$97.71,LQD42TMW7NM
Jena Roach,(610) 916-2731,eget.massa@google.couk,4864 Sed Ave,42879,Innlandet,Philippines,13,"Sed auctor odio a purus. Duis elementum, dui quis accumsan",4,$68.49,MBM06NOB1EQ
Zelenia Hatfield,1-874-527-6649,nibh.vulputate@outlook.edu,254-3046 Mollis Road,51181,Molise,Pakistan,3,arcu et pede. Nunc sed orci lobortis augue scelerisque mollis.,9,$59.68,TRF88AKV1YN
Keith Goff,(976) 685-4356,rutrum.eu@aol.edu,477-8949 Nunc Rd.,53316,Sutherland,Russian Federation,17,"ut, molestie in, tempus eu, ligula. Aenean euismod mauris eu",6,$94.59,NHD82FGY9SI
Uriah Rice,(422) 455-1860,tristique.senectus@hotmail.org,Ap #126-7068 Donec Avenue,3111-9957,Puntarenas,Italy,3,eu enim. Etiam imperdiet dictum magna. Ut tincidunt orci quis,9,$75.74,TNE82LCP6WV
Jenna Cameron,(544) 228-1262,in@google.org,Ap #540-3857 Lectus Street,523282,Zeeland,India,1,"nulla. Integer vulputate, risus a ultricies adipiscing, enim mi tempor",1,$94.14,TYQ41IVL3CV
Kelsie Velasquez,1-861-751-4186,metus@hotmail.couk,Ap #422-3666 Mi Avenue,844386,Lubuskie,Nigeria,3,"lectus ante dictum mi, ac mattis velit justo nec ante.",4,$46.71,QBU23SBM1XR
Megan Guzman,1-674-317-0162,ornare.lectus.justo@outlook.couk,139-3751 Volutpat. Av.,8284,Balochistan,China,7,Nulla dignissim. Maecenas ornare egestas ligula. Nullam feugiat placerat velit.,9,$27.55,FJN47TMO2XH
Malik Kaufman,1-336-347-3517,tortor.at@outlook.com,"P.O. Box 741, 1220 Eu Street",7557,West Region,United States,1,molestie. Sed id risus quis diam luctus lobortis. Class aptent,1,$42.48,FRC63TVY6WJ
Tucker Ferguson,1-133-413-7524,faucibus.id@icloud.net,"Ap #217-1244 Ac, Avenue",Y5G 9V7,Viken,Turkey,9,"lobortis ultrices. Vivamus rhoncus. Donec est. Nunc ullamcorper, velit in",4,$55.84,DPY86MMI7WU
Reed Booker,(160) 883-5668,euismod.ac@icloud.net,Ap #555-7845 Et St.,70401,Jönköpings län,Netherlands,11,sit amet massa. Quisque porttitor eros nec tellus. Nunc lectus,1,$98.72,FGM85CVJ6BR
Cadman Zimmerman,(410) 242-5332,vestibulum.nec@outlook.couk,Ap #794-9973 Suspendisse Rd.,50771-555,Ancash,United Kingdom,17,arcu ac orci. Ut semper pretium neque. Morbi quis urna.,4,$53.63,IPY65FVO2YW
Rhiannon Higgins,(182) 866-7410,cursus.vestibulum@aol.edu,715-4367 Tempor Street,16525,Catalunya,China,17,"erat, eget tincidunt dui augue eu tellus. Phasellus elit pede,",10,$60.99,PVU13YBF3OV
Rafael Terrell,1-838-250-2846,dis@hotmail.edu,"P.O. Box 519, 701 Non, Av.",664582,Eastern Cape,Peru,19,a neque. Nullam ut nisi a odio semper cursus. Integer,5,$17.69,ALW57SXY9NH
Deirdre Black,1-538-495-9426,nunc.sed@outlook.net,"Ap #114-3004 Vulputate, Av.",18533,Paraíba,Netherlands,1,ac arcu. Nunc mauris. Morbi non sapien molestie orci tincidunt,3,$27.36,LLT44LHL4RT
Acton Camacho,(778) 654-9460,augue@protonmail.ca,"P.O. Box 548, 3318 Aliquam Av.",24652,Dōngběi,Netherlands,9,nascetur ridiculus mus. Aenean eget magna. Suspendisse tristique neque venenatis,3,$48.63,EEK90URQ1SF
Jessamine Casey,(372) 563-4268,semper.nam@aol.edu,7711 Id Ave,214123,Penza Oblast,Germany,11,"placerat, orci lacus vestibulum lorem, sit amet ultricies sem magna",6,$21.37,FBA85NJS1KL
Shafira Patel,1-682-257-5586,pellentesque.massa@aol.com,618-3955 Eu Street,59265,West Sulawesi,France,15,molestie dapibus ligula. Aliquam erat volutpat. Nulla dignissim. Maecenas ornare,8,$85.73,RGD01FLY5VQ
Jamal Brennan,(201) 108-7377,lacus.etiam@outlook.com,111-257 Diam Road,6153-1914,Burgenland,Germany,7,interdum. Nunc sollicitudin commodo ipsum. Suspendisse non leo. Vivamus nibh,9,$20.88,UYX25NHC8MJ
Hammett Dodson,(354) 517-9326,adipiscing.lobortis@aol.com,"126-488 Montes, Rd.",62898,Munster,Singapore,15,"vel, venenatis vel, faucibus id, libero. Donec consectetuer mauris id",1,$2.82,JTB43MGG9TC
Katell Haney,1-418-545-5880,aliquam.adipiscing@google.edu,8792 Non St.,13415,Oost-Vlaanderen,Norway,15,vel sapien imperdiet ornare. In faucibus. Morbi vehicula. Pellentesque tincidunt,2,$83.80,RPJ20IOD4PU
Rae Dale,(229) 674-1264,lacus.aliquam@hotmail.com,Ap #229-9146 Tellus St.,2401,Balıkesir,Australia,15,purus mauris a nunc. In at pede. Cras vulputate velit,8,$34.49,UCE28XDO3YF
Prescott Snyder,1-851-282-9107,nonummy.ipsum@protonmail.com,558-7541 Dui. Street,21-571,Kursk Oblast,India,11,cursus vestibulum. Mauris magna. Duis dignissim tempor arcu. Vestibulum ut,0,$0.20,QUG95WXH4PM
Hop Vance,(727) 681-5249,tincidunt.congue@icloud.couk,2394 Eget St.,321344,Caraga,Spain,13,venenatis lacus. Etiam bibendum fermentum metus. Aenean sed pede nec,7,$57.37,XDG73KJB8KM
Venus Estrada,1-278-579-7424,mattis.velit@google.couk,2178 Facilisis. Rd.,435452,Paraná,Turkey,11,Quisque varius. Nam porttitor scelerisque neque. Nullam nisl. Maecenas malesuada,4,$70.14,ZBM08NIG3EY
Joseph Espinoza,1-217-459-2584,fringilla.mi.lacinia@icloud.edu,"P.O. Box 815, 8408 Cras Rd.",6090,Rajasthan,Canada,15,nisl. Nulla eu neque pellentesque massa lobortis ultrices. Vivamus rhoncus.,4,$55.78,XJV22UKV4XM
Arsenio Washington,1-754-371-7570,ut@protonmail.edu,"P.O. Box 193, 9093 Erat Rd.",313171,Gilgit Baltistan,Colombia,7,"commodo tincidunt nibh. Phasellus nulla. Integer vulputate, risus a ultricies",1,$65.82,ROR18SEP4EC
Heather Wolf,1-376-258-2934,non.dapibus@yahoo.edu,Ap #673-5572 Adipiscing St.,7258,Sikkim,South Africa,9,amet ultricies sem magna nec quam. Curabitur vel lectus. Cum,0,$97.44,CAX76CFN8WL
Ivan Hill,(556) 516-8024,duis.sit@yahoo.edu,"P.O. Box 204, 2098 Lorem Avenue",84816,East Region,Canada,9,"diam eu dolor egestas rhoncus. Proin nisl sem, consequat nec,",10,$70.33,WEL51BPD6FP
Zephr Douglas,(224) 942-7621,dui@yahoo.org,Ap #507-6742 Malesuada Ave,99692,Utrecht,Pakistan,1,vel nisl. Quisque fringilla euismod enim. Etiam gravida molestie arcu.,9,$85.40,FFX76MRT5SX
Melissa Fuller,1-263-674-5366,in.faucibus@hotmail.net,Ap #250-5060 Sed Avenue,20643,Mecklenburg-Vorpommern,New Zealand,7,"vel, faucibus id, libero. Donec consectetuer mauris id sapien. Cras",7,$1.99,GQW38DCE2OI
Price Hays,1-676-270-4568,vulputate.ullamcorper@hotmail.edu,"P.O. Box 723, 8876 Primis Road",2373,Ogun,Ireland,11,ullamcorper magna. Sed eu eros. Nam consequat dolor vitae dolor.,9,$85.40,JML41VCZ1LD
Erich Ramos,(258) 865-4646,suspendisse.tristique@google.couk,Ap #492-4036 Velit St.,PN68 9GV,Rogaland,Canada,15,"non, cursus non, egestas a, dui. Cras pellentesque. Sed dictum.",6,$41.12,EWR57IMU2RP
Aristotle Ross,(368) 236-1562,commodo.auctor@hotmail.org,4706 Sapien. Street,77-38,North Gyeongsang,Pakistan,5,enim. Mauris quis turpis vitae purus gravida sagittis. Duis gravida.,6,$52.30,IRY82LGN7QL
Grant Stephenson,1-711-878-9563,tincidunt.adipiscing@protonmail.com,"9079 At, Rd.",3046,Massachusetts,Chile,19,gravida. Praesent eu nulla at sem molestie sodales. Mauris blandit,10,$83.84,NHQ68XFB8LK
Faith Koch,(434) 302-5507,aliquet.lobortis@protonmail.org,Ap #267-5799 Curabitur Road,5198,Clackmannanshire,Russian Federation,5,"pharetra, felis eget varius ultrices, mauris ipsum porta elit, a",5,$62.62,WYD36JFD0WV
Hedley Nixon,(298) 408-3312,libero@google.com,"Ap #618-8005 Lorem, Road",4554,Aberdeenshire,Austria,3,"tincidunt nibh. Phasellus nulla. Integer vulputate, risus a ultricies adipiscing,",10,$58.65,CMO89TFF5JP
Marny Graves,(975) 722-4565,sem.molestie@aol.com,107-3687 Ligula Street,64810,Catalunya,Turkey,3,"ornare, elit elit fermentum risus, at fringilla purus mauris a",2,$5.34,AUG82JOF1VF
Ursa Navarro,1-766-447-9563,turpis.aliquam.adipiscing@google.couk,Ap #644-1064 Lorem Rd.,58811,Jönköpings län,Poland,1,"est mauris, rhoncus id, mollis nec, cursus a, enim. Suspendisse",3,$12.07,WED50BEQ4GY
Debra Mckenzie,(897) 583-7550,leo.vivamus@outlook.org,"955-7736 Vitae, St.",8846,Henegouwen,New Zealand,17,"lectus. Nullam suscipit, est ac facilisis facilisis, magna tellus faucibus",4,$9.50,BHI86ADQ5RP
Brian Contreras,1-792-557-1601,elementum.sem@protonmail.net,9397 Aliquet St.,277662,Istanbul,Nigeria,13,"Sed nunc est, mollis non, cursus non, egestas a, dui.",2,$99.01,SHW25BYM7NU
Beatrice Trujillo,(684) 458-2413,nisi.dictum@icloud.net,705-2249 Neque. Rd.,27740,Saint Petersburg City,Germany,13,"vulputate dui, nec tempus mauris erat eget ipsum. Suspendisse sagittis.",4,$49.63,BKL35YWR3WP
Bradley Browning,(774) 861-5526,auctor.velit@hotmail.org,5386 Orci Av.,92-47,Kyiv oblast,Ukraine,3,"mattis velit justo nec ante. Maecenas mi felis, adipiscing fringilla,",2,$66.26,XNM62KFR1TZ
Aline Oneil,1-322-257-2510,molestie.in@yahoo.org,654-3130 Est Ave,5578,FATA,South Africa,9,In tincidunt congue turpis. In condimentum. Donec at arcu. Vestibulum,6,$89.50,MYI59NGI4JF
Owen Moon,1-555-872-4720,eu@outlook.ca,"P.O. Box 218, 9044 Donec Road",S7C 7W7,Leinster,Norway,13,"pretium aliquet, metus urna convallis erat, eget tincidunt dui augue",3,$15.04,UGR18PVU2JE
Maris Sears,1-624-666-1406,eu.dui@aol.com,"P.O. Box 171, 7583 Ornare Rd.",43160-319,Dolnośląskie,Singapore,1,diam vel arcu. Curabitur ut odio vel est tempor bibendum.,4,$66.18,MFT17CXY6ES
Hamilton Fleming,(958) 638-3462,metus.eu@outlook.com,Ap #662-1068 Fames Av.,12420,Sindh,United States,7,id risus quis diam luctus lobortis. Class aptent taciti sociosqu,9,$58.22,JLV51GPP5FT
Alea Owens,(826) 975-0575,fringilla.donec.feugiat@google.ca,Ap #317-4997 Arcu Rd.,60114,Khyber Pakhtoonkhwa,Germany,5,"scelerisque, lorem ipsum sodales purus, in molestie tortor nibh sit",5,$68.16,DNX96ILC5CU
Chelsea Cooke,1-962-749-3485,consequat.auctor.nunc@yahoo.couk,9284 Enim Rd.,257939,Dōngběi,Spain,13,"Aliquam tincidunt, nunc ac mattis ornare, lectus ante dictum mi,",8,$45.15,FKQ42HBV7JG
Rachel Mclean,1-268-642-5631,condimentum.eget@google.com,Ap #101-4814 Tellus. Av.,H9K 5TU,North Island,Canada,7,"cursus in, hendrerit consectetuer, cursus et, magna. Praesent interdum ligula",7,$84.25,HAR73OSU1WW
Elaine Roberson,(624) 272-7318,risus.nunc@protonmail.com,672-1405 Accumsan Av.,579016,Khyber Pakhtoonkhwa,Indonesia,7,nibh vulputate mauris sagittis placerat. Cras dictum ultricies ligula. Nullam,4,$83.01,SBT52HRX4LJ
Winter Burks,(683) 885-8839,phasellus.vitae@google.ca,Ap #282-2949 Tempor St.,164244,North-East Region,Philippines,13,"eros nec tellus. Nunc lectus pede, ultrices a, auctor non,",2,$61.36,WRU69GHE3VM
Ira Collier,(925) 934-8776,mauris.non@outlook.edu,"P.O. Box 470, 6757 Suspendisse Street",301284,Vienna,Austria,15,lacus. Mauris non dui nec urna suscipit nonummy. Fusce fermentum,3,$2.19,IXX88SWI4FI
Kaseem Wilkerson,1-714-755-9801,semper.et@yahoo.org,"991-2708 Sed, Rd.",6801,Swiętokrzyskie,Germany,3,"id ante dictum cursus. Nunc mauris elit, dictum eu, eleifend",4,$29.97,ZTG50FLM3SL
Marny Woodward,(575) 283-2605,eleifend.nec@icloud.net,745-4462 Duis Avenue,58-16,Adana,Chile,19,enim. Mauris quis turpis vitae purus gravida sagittis. Duis gravida.,5,$67.82,DVG99PMS0BX
Norman Waller,1-587-449-5777,consequat.enim@icloud.edu,406-2483 Quis Rd.,61727,Samsun,Spain,7,"nulla. Integer vulputate, risus a ultricies adipiscing, enim mi tempor",3,$86.72,ERY94ILE6IG
Genevieve Ross,1-579-362-8461,proin.eget@aol.edu,"P.O. Box 743, 3203 Neque. Av.",20131-381,Oklahoma,South Africa,7,"Ut tincidunt orci quis lectus. Nullam suscipit, est ac facilisis",9,$5.79,XFW84MRK5MQ
Asher Henson,1-460-245-2683,magna.phasellus@protonmail.edu,695-7871 Risus. Rd.,419898,Illes Balears,Vietnam,19,"Aenean massa. Integer vitae nibh. Donec est mauris, rhoncus id,",8,$78.37,USQ14DUD5WY
Cheyenne Sanchez,1-284-504-6114,fermentum.vel.mauris@hotmail.ca,"P.O. Box 851, 2350 Ipsum St.",70-713,Chihuahua,Spain,13,Donec non justo. Proin non massa non ante bibendum ullamcorper.,3,$87.84,POQ74CPY8YP
Kitra Benson,1-561-132-7845,sed@icloud.org,"P.O. Box 980, 473 Tincidunt Street",91826,Gävleborgs län,Vietnam,17,"aptent taciti sociosqu ad litora torquent per conubia nostra, per",10,$75.27,XGI29GXV4LV
Virginia Roberts,(494) 521-4788,ac.sem@yahoo.edu,"P.O. Box 906, 4814 Duis Rd.",20307,Oost-Vlaanderen,India,17,"mattis. Integer eu lacus. Quisque imperdiet, erat nonummy ultricies ornare,",0,$4.57,LWR78DSP1SQ
Knox Solis,(977) 240-3302,libero.lacus@icloud.net,4649 A Street,441822,Brussels Hoofdstedelijk Gewest,Russian Federation,5,"egestas hendrerit neque. In ornare sagittis felis. Donec tempor, est",5,$21.95,AOS93PVQ1GV
Bevis Rios,1-602-375-4746,a.purus@google.ca,588 Nam Rd.,4635-3511,Selkirkshire,United States,19,Proin sed turpis nec mauris blandit mattis. Cras eget nisi,8,$84.03,KXI06UEZ3BF
Laura Harding,(588) 395-5531,gravida.aliquam.tincidunt@yahoo.net,Ap #974-4272 Fusce Ave,4655,Veneto,United States,7,"a, magna. Lorem ipsum dolor sit amet, consectetuer adipiscing elit.",10,$71.83,QFO44PSW1MM
Theodore Hawkins,1-754-603-8983,in.molestie@aol.com,940-2665 Diam. St.,53221,Waals-Brabant,Canada,13,In at pede. Cras vulputate velit eu sem. Pellentesque ut,5,$29.66,EYC02KMT6BH
Kenneth Cardenas,(220) 983-1820,orci@protonmail.net,"Ap #302-5679 Non, Av.",88183,North Island,Singapore,1,"massa lobortis ultrices. Vivamus rhoncus. Donec est. Nunc ullamcorper, velit",7,$65.49,SWN89PDC4GO
Raya Fitzpatrick,(518) 767-6869,sociis@hotmail.ca,Ap #842-660 Porttitor Ave,335462,South Sumatra,Austria,3,"egestas. Sed pharetra, felis eget varius ultrices, mauris ipsum porta",9,$28.07,IVU28ENE5UU
Benedict Keith,(724) 987-4994,eu.erat.semper@icloud.org,750-1155 Ornare St.,245468,Hamburg,Austria,15,"ultrices. Vivamus rhoncus. Donec est. Nunc ullamcorper, velit in aliquet",1,$61.59,ZTL27HGF5SL
Allen Montoya,1-664-361-0055,dictum.placerat@hotmail.org,815-5379 Eget St.,350418,West Bengal,Belgium,9,"Aliquam auctor, velit eget laoreet posuere, enim nisl elementum purus,",10,$98.19,POI62KRL4PH
Harding Bridges,1-475-724-3474,enim.etiam@icloud.ca,7765 Amet Rd.,94-89,Opolskie,South Africa,13,nisi dictum augue malesuada malesuada. Integer id magna et ipsum,9,$57.61,XWU82DIR8DG
Quon Campbell,(253) 846-5164,diam.lorem@outlook.edu,164-8843 Elit. St.,846441,Brussels Hoofdstedelijk Gewest,United Kingdom,9,Pellentesque habitant morbi tristique senectus et netus et malesuada fames,1,$13.30,YDP69PHC8ML
Mary Holt,1-759-745-3344,varius.ultrices@protonmail.org,7365 Cras Street,3834,Pomorskie,Brazil,1,"adipiscing. Mauris molestie pharetra nibh. Aliquam ornare, libero at auctor",10,$59.18,XXA76QXU7TT
Mannix Dodson,(351) 561-5334,mauris@protonmail.couk,Ap #378-420 Vivamus Avenue,274437,Jönköpings län,Turkey,7,"mi fringilla mi lacinia mattis. Integer eu lacus. Quisque imperdiet,",4,$59.12,FJB55OBI7LN
Macy Blevins,(732) 782-3349,velit.in@outlook.com,530-1541 Hendrerit Avenue,24808,Coahuila,New Zealand,1,sagittis lobortis mauris. Suspendisse aliquet molestie tellus. Aenean egestas hendrerit,9,$44.75,DRW70BOR4HV
Clark Fowler,1-501-618-3303,fames.ac@outlook.com,693-5922 In Street,36174,Punjab,United States,3,"nunc nulla vulputate dui, nec tempus mauris erat eget ipsum.",7,$33.17,PYS31GXL8XV
Cora Adams,1-636-634-1154,eu@aol.ca,Ap #230-8477 Rutrum Avenue,288587,Luik,Ireland,5,"in, tempus eu, ligula. Aenean euismod mauris eu elit. Nulla",9,$27.69,WTJ82RWR5WW
Alexis Anderson,1-931-703-6871,orci.ut.sagittis@protonmail.com,"844-6384 Purus, Rd.",507689,FATA,Canada,11,ultricies sem magna nec quam. Curabitur vel lectus. Cum sociis,1,$12.38,DRR52UJX2FX
Axel Spears,(569) 363-7826,morbi.accumsan@hotmail.edu,504-2447 Nibh St.,53011,South Island,Poland,7,"Phasellus elit pede, malesuada vel, venenatis vel, faucibus id, libero.",1,$95.61,DFT32WVK8GF
Zia Miller,1-869-949-1341,enim.mauris.quis@outlook.org,Ap #118-7697 Sed Street,16702,North Island,France,15,"nulla magna, malesuada vel, convallis in, cursus et, eros. Proin",4,$8.46,HKS12FTW3JS
Hyacinth Pacheco,(618) 782-5157,est.tempor.bibendum@icloud.ca,378-2271 Dolor. Av.,274343,Khyber Pakhtoonkhwa,China,19,"facilisis vitae, orci. Phasellus dapibus quam quis diam. Pellentesque habitant",2,$54.71,HRX48XXB8TV
Quinn Duffy,(655) 243-6364,eu.accumsan@outlook.net,Ap #852-5729 Dictum St.,453707,North Region,Philippines,11,urna et arcu imperdiet ullamcorper. Duis at lacus. Quisque purus,0,$65.62,XET08QYL2QO
Ingrid Mcgee,1-505-632-8462,in.lobortis.tellus@yahoo.org,9892 Lorem St.,5528,Corse,Germany,9,"auctor odio a purus. Duis elementum, dui quis accumsan convallis,",8,$1.37,JPL53MYY2TY
Uriah Lloyd,1-415-549-5776,in.molestie@yahoo.couk,Ap #913-4142 Lobortis Road,83064,Guanacaste,China,17,Curabitur sed tortor. Integer aliquam adipiscing lacus. Ut nec urna,5,$99.08,SSG66PXS2NK
Nicole Witt,1-887-557-2844,mus.aenean@yahoo.couk,"182-3893 Convallis, St.",76-34,Punjab,Nigeria,13,"ante blandit viverra. Donec tempus, lorem fringilla ornare placerat, orci",5,$1.44,VUU63FIP0FG
Branden Perez,(226) 434-7801,accumsan@google.couk,256-5663 Semper Ave,OC7W 0RA,Bursa,Spain,1,"mollis non, cursus non, egestas a, dui. Cras pellentesque. Sed",4,$7.42,ZWX03PBK3PD
Ciara Campos,(333) 613-7358,donec.at.arcu@hotmail.ca,923-3028 In Rd.,05668,Pondicherry,India,3,senectus et netus et malesuada fames ac turpis egestas. Fusce,7,$46.27,LGF79XRO6FY
Wing Cooke,(473) 458-6467,aliquam.nec@hotmail.edu,672-4898 Massa. Road,6615,Stockholms län,South Korea,17,Mauris nulla. Integer urna. Vivamus molestie dapibus ligula. Aliquam erat,4,$35.22,LQK52CRV5QI
Emery Howard,1-892-122-9601,a.sollicitudin@outlook.net,"P.O. Box 662, 3762 Eu Av.",300185,Podkarpackie,Mexico,13,"nec ligula consectetuer rhoncus. Nullam velit dui, semper et, lacinia",3,$18.23,LMW58XQT3QG
Axel Jordan,(663) 346-7298,magna.lorem.ipsum@outlook.edu,292-5838 Egestas St.,448644,Aberdeenshire,Russian Federation,11,sit amet orci. Ut sagittis lobortis mauris. Suspendisse aliquet molestie,7,$1.73,FGZ12DLI3KO
Burton Nunez,(367) 390-0810,arcu.imperdiet@outlook.couk,3839 Ante Rd.,27521,Saskatchewan,Ireland,9,"dis parturient montes, nascetur ridiculus mus. Aenean eget magna. Suspendisse",0,$78.58,BJT23UUN8OC
Jamalia Christensen,1-543-578-6637,consectetuer@outlook.com,755-4120 Quam Ave,21445,South Island,Russian Federation,7,arcu vel quam dignissim pharetra. Nam ac nulla. In tincidunt,1,$61.88,QFB27PII6FF
Hillary Lamb,1-469-937-1549,sed.eget@outlook.org,6621 A Street,10475,Adana,Austria,13,"urna convallis erat, eget tincidunt dui augue eu tellus. Phasellus",3,$46.42,NWZ12YBP9SU
Wyatt Dyer,(439) 452-5315,ac.mattis@protonmail.couk,"Ap #316-5860 Rutrum, Avenue",8639,Piemonte,Belgium,15,"ac mattis velit justo nec ante. Maecenas mi felis, adipiscing",1,$46.51,VUT11NVW5BA
Jack Jensen,1-484-737-8498,nisl.elementum.purus@outlook.edu,654-3246 Lacus. Avenue,728591,Östergötlands län,Poland,5,Cras eu tellus eu augue porttitor interdum. Sed auctor odio,8,$53.61,AFW88MZW1GW
Iris Dorsey,(501) 941-7842,lectus@icloud.net,Ap #264-6638 Lacus. Av.,41272,Oyo,New Zealand,7,"lectus pede et risus. Quisque libero lacus, varius et, euismod",4,$66.49,MDM91OKR1DM
Thane Carrillo,1-613-641-8461,nec.mauris@hotmail.org,Ap #484-1340 Curabitur Ave,45813,Namen,France,1,"ultricies adipiscing, enim mi tempor lorem, eget mollis lectus pede",6,$75.17,CHX38XGI3IO
Nolan Kaufman,(668) 337-1841,phasellus.fermentum.convallis@hotmail.com,"600-8491 Id, Rd.",661799,łódzkie,Philippines,13,amet nulla. Donec non justo. Proin non massa non ante,6,$81.25,EYW71DWS8QW
Jael Pacheco,(442) 587-4731,cras.vulputate@protonmail.couk,Ap #832-598 Fermentum Rd.,6416,Manitoba,Philippines,3,"egestas a, dui. Cras pellentesque. Sed dictum. Proin eget odio.",6,$34.45,WMB58EKA6PV
Colin Ballard,1-634-622-5833,ut@aol.org,Ap #316-3477 Auctor Road,1665,Kano,Vietnam,17,cubilia Curae Donec tincidunt. Donec vitae erat vel pede blandit,4,$32.89,QBI34RKK8TJ
Cherokee Turner,1-637-287-1187,nascetur@aol.com,Ap #215-3044 Nunc Avenue,588747,East Java,Peru,11,mauris sit amet lorem semper auctor. Mauris vel turpis. Aliquam,4,$93.35,YZT31LKJ8KD
Brianna Roberts,(469) 387-8766,ac@aol.net,595 Dis St.,6258,Jönköpings län,Canada,17,"eget varius ultrices, mauris ipsum porta elit, a feugiat tellus",9,$58.82,YSE01DWT1QW
Imani Robbins,1-205-517-3112,ipsum.nunc.id@hotmail.net,Ap #982-4349 Mauris Rd.,447995,Gävleborgs län,Australia,19,nunc. In at pede. Cras vulputate velit eu sem. Pellentesque,7,$17.28,NGP65ELM7LK
Cade Bishop,(724) 868-2115,cursus.nunc.mauris@protonmail.couk,9973 Diam Road,6483,Zakarpattia oblast,Turkey,13,ridiculus mus. Aenean eget magna. Suspendisse tristique neque venenatis lacus.,2,$84.98,SOR87EFI1BU
Ciaran Rogers,(853) 597-6674,ac@protonmail.net,703-4118 Nascetur Street,13301,Virginia,Pakistan,9,"urna, nec luctus felis purus ac tellus. Suspendisse sed dolor.",3,$16.17,KAK59RII2ZK
Judah Franklin,1-729-967-3767,lobortis.risus.in@icloud.couk,918-3334 Ultrices. Avenue,12711,Northern Territory,New Zealand,9,"ut lacus. Nulla tincidunt, neque vitae semper egestas, urna justo",6,$72.39,RXK86RCZ6WS
Edward Wiley,1-376-157-0676,malesuada.fames@protonmail.couk,Ap #808-5862 Scelerisque St.,4699-6792,Cherkasy oblast,Singapore,3,"lacinia vitae, sodales at, velit. Pellentesque ultricies dignissim lacus. Aliquam",5,$63.40,CFM94HOW0CU
Vincent Reilly,1-880-723-1712,gravida.sagittis@hotmail.ca,"P.O. Box 716, 2656 Nec, Street",723363,Arkhangelsk Oblast,Costa Rica,19,"sociis natoque penatibus et magnis dis parturient montes, nascetur ridiculus",0,$40.11,EDR54NCX0OP
Kane Dawson,(933) 251-8397,ac.feugiat.non@icloud.couk,"P.O. Box 899, 1022 Tempus, St.",71-744,Maranhão,United States,11,"Proin nisl sem, consequat nec, mollis vitae, posuere at, velit.",2,$21.31,YGI65FVD8ML
Kenyon Alford,1-825-653-9245,parturient@hotmail.couk,414-8161 Vel Av.,65288,Andhra Pradesh,United Kingdom,15,Quisque ornare tortor at risus. Nunc ac sem ut dolor,5,$88.68,UQU28CQN2HJ
Eugenia Bridges,1-980-581-1274,ligula.elit@google.ca,Ap #993-5621 Commodo Av.,49691,Rivers,Netherlands,9,"non, dapibus rutrum, justo. Praesent luctus. Curabitur egestas nunc sed",2,$29.53,QPT34KHF6FM
Angela Goodman,(738) 559-2792,vestibulum@hotmail.com,Ap #275-1409 Ipsum. Rd.,6817 UQ,Puglia,Mexico,1,"erat, eget tincidunt dui augue eu tellus. Phasellus elit pede,",9,$11.20,YFO85CNV4NM
Jesse Gilliam,1-450-522-4866,praesent.interdum@aol.edu,418-3997 Aenean Road,23-101,Noord Brabant,Italy,1,"sem semper erat, in consectetuer ipsum nunc id enim. Curabitur",9,$77.06,HBO70VSY2JT
Alea Fernandez,1-338-242-1210,enim.curabitur.massa@icloud.edu,"P.O. Box 909, 4586 Donec Ave",65153,Innlandet,New Zealand,7,"Sed nunc est, mollis non, cursus non, egestas a, dui.",4,$84.71,WSB32WHV5LT
Timon Fowler,(662) 177-9279,a@google.edu,Ap #344-3801 Ipsum. Street,31814,Heredia,Russian Federation,3,ipsum primis in faucibus orci luctus et ultrices posuere cubilia,8,$79.15,DTX61TAQ8OQ
Colleen Schroeder,1-376-597-1369,risus.morbi.metus@icloud.com,"P.O. Box 497, 4124 Aliquam Rd.",28542,North Region,Brazil,15,vel quam dignissim pharetra. Nam ac nulla. In tincidunt congue,7,$95.90,PTB95IIO5FN
Buckminster Aguirre,(433) 465-8784,non.feugiat.nec@hotmail.edu,7820 Risus. Ave,5647,North Island,Ireland,19,"egestas a, dui. Cras pellentesque. Sed dictum. Proin eget odio.",6,$58.00,XJU77BXX1TY
Veronica Roberts,(702) 553-5415,lorem@protonmail.edu,621-8414 Donec Street,516328,Mpumalanga,Indonesia,9,"lacinia at, iaculis quis, pede. Praesent eu dui. Cum sociis",3,$91.18,IGE63SHR6RW
Geoffrey Aguilar,(164) 273-6409,cras.interdum.nunc@hotmail.org,104-278 Duis St.,6768-0450,Coahuila,Belgium,3,pede. Nunc sed orci lobortis augue scelerisque mollis. Phasellus libero,5,$55.95,LHG68IRC6CW
Eliana Blake,1-755-312-6620,a@outlook.com,Ap #284-9208 At Avenue,24849,Île-de-France,Italy,3,"ornare placerat, orci lacus vestibulum lorem, sit amet ultricies sem",6,$99.46,HDX39BHC1EC
Kirk Schroeder,1-386-686-5566,mus.proin@icloud.com,Ap #237-2461 Ipsum Street,4183,Vlaams-Brabant,Russian Federation,15,"lacus pede sagittis augue, eu tempor erat neque non quam.",8,$7.03,JUI67LLJ6YG
John Merritt,1-878-414-0135,convallis.convallis@outlook.net,Ap #704-4636 Curabitur Ave,O2V 5J4,Oyo,Netherlands,7,ac urna. Ut tincidunt vehicula risus. Nulla eget metus eu,2,$0.86,UHB86UME2IF
Georgia Wilder,(167) 203-4617,ut.ipsum@outlook.org,215-7210 Mi Av.,6628 VQ,Extremadura,India,17,"dolor, nonummy ac, feugiat non, lobortis quis, pede. Suspendisse dui.",3,$43.69,BOG27LES3VS
Paki Hubbard,(191) 209-0545,enim.commodo.hendrerit@aol.com,Ap #307-5059 Nulla St.,863263,Madrid,Colombia,1,Donec nibh. Quisque nonummy ipsum non arcu. Vivamus sit amet,2,$15.99,YHI89TVF4RT
Ronan Little,(254) 116-9257,rutrum@google.edu,"P.O. Box 300, 733 Interdum. St.",567646,Vinnytsia oblast,Spain,11,"turpis. Aliquam adipiscing lobortis risus. In mi pede, nonummy ut,",1,$21.02,HMU78DNB1YU
Delilah Salas,(211) 616-7483,lacus.varius@aol.net,"Ap #640-2615 Nec, Avenue",21441,Dadra and Nagar Haveli,United Kingdom,15,"augue eu tellus. Phasellus elit pede, malesuada vel, venenatis vel,",6,$20.22,SKD34JYZ0HR
Teegan Santos,1-411-272-1185,amet.consectetuer@aol.couk,713-9568 Mollis Av.,94988,Kent,Austria,11,"nec enim. Nunc ut erat. Sed nunc est, mollis non,",2,$82.72,MLR43MUW2XP
Mary Ashley,(423) 305-2777,dictum.augue@hotmail.couk,935-346 Morbi St.,206088,Daman and Diu,South Africa,3,"mattis. Integer eu lacus. Quisque imperdiet, erat nonummy ultricies ornare,",10,$98.52,OYC18CVF0TU
Cameron Keller,(685) 652-7158,tempor.lorem.eget@icloud.com,Ap #679-7020 Laoreet St.,3684,Piura,Poland,7,"viverra. Maecenas iaculis aliquet diam. Sed diam lorem, auctor quis,",3,$61.26,NOQ38PJD5BO
Sebastian Bishop,1-476-916-1084,orci.lacus@protonmail.edu,Ap #957-3482 Eros Av.,853367,Madrid,Sweden,13,"metus urna convallis erat, eget tincidunt dui augue eu tellus.",8,$19.14,IDM96TMQ0XJ
Sawyer Huber,(558) 501-3536,et.magna@protonmail.com,"Ap #377-8318 Convallis, Rd.",46-34,Møre og Romsdal,Poland,5,non dui nec urna suscipit nonummy. Fusce fermentum fermentum arcu.,1,$82.61,UYO11RYH2GH
Penelope Rosario,(846) 232-5520,ultricies.dignissim@icloud.edu,423-1293 Euismod Av.,25671,Kujawsko-pomorskie,Chile,7,"urna convallis erat, eget tincidunt dui augue eu tellus. Phasellus",7,$46.20,JEL45BJH2XI
Ashely Cash,(482) 353-1994,tellus@google.com,"P.O. Box 355, 105 Nulla Road",3548,Flintshire,Russian Federation,5,"vulputate, posuere vulputate, lacus. Cras interdum. Nunc sollicitudin commodo ipsum.",5,$34.38,CLL73FGX6DT
Lee Barry,1-275-649-1772,inceptos@outlook.ca,"P.O. Box 733, 1898 Purus Av.",5366,South Island,Italy,5,"Aenean egestas hendrerit neque. In ornare sagittis felis. Donec tempor,",2,$9.20,CWD37MBK5WL
Leandra Atkins,(779) 278-0616,scelerisque.mollis.phasellus@aol.net,851-7718 Quis St.,RM7F 1MT,Akwa Ibom,Philippines,5,Mauris quis turpis vitae purus gravida sagittis. Duis gravida. Praesent,4,$49.14,GLB12YQP1XW
Raymond Carver,(557) 271-6973,senectus.et.netus@protonmail.org,683-4515 Id Av.,30600,Odisha,Mexico,5,"a, magna. Lorem ipsum dolor sit amet, consectetuer adipiscing elit.",0,$89.41,OQU86RLL7VB
Sandra Merrill,1-366-918-7543,sit@yahoo.couk,115-9524 Sem Road,24315,Puglia,Germany,13,"lorem, auctor quis, tristique ac, eleifend vitae, erat. Vivamus nisi.",4,$17.13,RYW24SJR3NS
Armand Kaufman,(866) 524-7930,magna.suspendisse.tristique@icloud.net,"Ap #503-5090 Odio, Avenue",9074,North Island,Norway,1,Duis volutpat nunc sit amet metus. Aliquam erat volutpat. Nulla,0,$99.34,AVI75UTE5ND
Maxwell Lara,1-543-316-7533,est.mollis@yahoo.couk,Ap #965-4147 Lacus. Road,21208,North Region,Italy,13,Proin dolor. Nulla semper tellus id nunc interdum feugiat. Sed,8,$30.98,XDY01FKY1UB
Charity Blevins,(775) 417-1848,convallis.dolor@icloud.net,Ap #408-3003 Ac St.,64447,Morayshire,Colombia,9,"suscipit, est ac facilisis facilisis, magna tellus faucibus leo, in",6,$41.23,NXI45XLX5ZK
Lunea Cleveland,(707) 481-3273,neque.sed@icloud.couk,242-4216 Risus Road,216426,Vestfold og Telemark,Turkey,11,nunc id enim. Curabitur massa. Vestibulum accumsan neque et nunc.,9,$36.66,TLB45WKI8NK
Ashton Parks,(226) 521-6533,et.lacinia@outlook.couk,Ap #192-2613 Turpis Ave,978537,Northern Cape,Sweden,15,ipsum nunc id enim. Curabitur massa. Vestibulum accumsan neque et,10,$20.58,IXN97NYI8DY
Jasmine Willis,(625) 863-7983,blandit@google.edu,2002 Sollicitudin St.,73-24,Davao Region,Austria,11,"purus. Maecenas libero est, congue a, aliquet vel, vulputate eu,",6,$51.28,JFO56IZW7GI
Daniel Horn,(767) 253-1534,cras.sed@google.edu,957-1004 Tellus Ave,45186,Calabria,Canada,17,pharetra. Quisque ac libero nec ligula consectetuer rhoncus. Nullam velit,1,$69.16,QZD44QLI4OD
Hunter Adkins,(375) 136-6636,eu.placerat@yahoo.ca,Ap #179-6934 Est Avenue,S7P 5H8,Ontario,Philippines,9,"nonummy ultricies ornare, elit elit fermentum risus, at fringilla purus",7,$54.85,TTC02TOM2SM
Kirestin Charles,1-351-911-0115,sem.nulla.interdum@outlook.com,6050 Neque Street,357548,Mersin,Philippines,5,mus. Proin vel arcu eu odio tristique pharetra. Quisque ac,5,$33.33,HWF27GKX6CI
Rhonda Gamble,(152) 571-4153,ipsum.ac@hotmail.edu,"1903 Ullamcorper, Av.",20706,Aquitaine,Australia,1,"id, libero. Donec consectetuer mauris id sapien. Cras dolor dolor,",6,$61.52,YVT32MUW3TM
Kelly Snyder,1-416-629-1805,enim.mi@protonmail.org,"P.O. Box 644, 8661 Urna St.",646313,Vologda Oblast,Russian Federation,9,nunc id enim. Curabitur massa. Vestibulum accumsan neque et nunc.,3,$70.81,RSE89ZST1QR
September Morton,(316) 856-0866,proin.sed@icloud.edu,489-9109 Eu Ave,43133,Van,Norway,7,est. Mauris eu turpis. Nulla aliquet. Proin velit. Sed malesuada,7,$99.49,XCY55DSX9MY
Meredith Marquez,(873) 866-2279,magna.suspendisse@protonmail.couk,820-3711 Nec Av.,35481,South Island,Ukraine,17,"non massa non ante bibendum ullamcorper. Duis cursus, diam at",1,$51.20,QNJ22AVD2NZ
Chester Burton,1-316-464-8216,enim.nec@hotmail.net,Ap #598-8839 Tempor Road,3108,Nordrhein-Westphalen,Germany,15,vel quam dignissim pharetra. Nam ac nulla. In tincidunt congue,5,$17.73,DFQ11KQA1RV
Alma Tran,(704) 833-2511,egestas.fusce.aliquet@protonmail.ca,"Ap #365-9465 Pede, Rd.",827125,Thái Bình,Costa Rica,15,et ultrices posuere cubilia Curae Donec tincidunt. Donec vitae erat,7,$2.35,IRE29HTX6SK
Brett Nielsen,(252) 876-5180,tincidunt@aol.com,"P.O. Box 247, 8622 Feugiat St.",65296,West Region,Canada,11,orci. Ut sagittis lobortis mauris. Suspendisse aliquet molestie tellus. Aenean,4,$9.20,BOE74FAS8YR
Dylan Christian,1-534-558-5754,aliquam@yahoo.org,499-2536 Vestibulum Avenue,5913,Volyn oblast,Australia,3,non enim. Mauris quis turpis vitae purus gravida sagittis. Duis,3,$45.07,RFD32IKW8QH
Derek Alston,1-735-254-5612,sem.semper@google.ca,5299 Magna. St.,61129,Lai Châu,Australia,9,"volutpat ornare, facilisis eget, ipsum. Donec sollicitudin adipiscing ligula. Aenean",9,$36.59,ZXH12HOE2PN
James Christian,1-786-372-4831,ornare@yahoo.org,"109-5378 Lorem, St.",5879,North Gyeongsang,Chile,11,"mollis non, cursus non, egestas a, dui. Cras pellentesque. Sed",4,$71.14,WEP61LJY5AI
Leslie Durham,1-126-455-6033,lobortis.quis@aol.net,Ap #766-3624 Justo Rd.,6248-2230,Oklahoma,Peru,5,nisi. Mauris nulla. Integer urna. Vivamus molestie dapibus ligula. Aliquam,7,$75.22,IOC44ZVL8BV
Tucker Clemons,(247) 571-8186,suspendisse.aliquet@google.net,Ap #321-7611 Mi Street,23641,Tver Oblast,Peru,5,aliquam eros turpis non enim. Mauris quis turpis vitae purus,1,$72.95,KOW85CRW2UQ
Richard Berger,1-262-813-2406,vivamus@hotmail.couk,Ap #480-2835 Vehicula Av.,WI2E 0MV,Oyo,Poland,11,"Fusce aliquam, enim nec tempus scelerisque, lorem ipsum sodales purus,",6,$11.78,WRP26XZT5QL
Leandra Melendez,1-371-761-4931,metus.in@yahoo.edu,"Ap #285-2561 Lorem, Rd.",875322,Castilla y León,Pakistan,11,"auctor non, feugiat nec, diam. Duis mi enim, condimentum eget,",8,$91.61,TLR91PPN6VL
Maxwell Best,(212) 313-9474,a@icloud.org,785-4175 Ultrices Road,3873-5126,Minnesota,Canada,9,nec quam. Curabitur vel lectus. Cum sociis natoque penatibus et,8,$29.96,WUY72TSC2PU
Eliana Knox,(942) 541-1764,suscipit.nonummy.fusce@hotmail.net,7789 Dolor. St.,258795,Île-de-France,Australia,15,Donec at arcu. Vestibulum ante ipsum primis in faucibus orci,3,$51.38,GWB11IEL6PL
Fuller Rollins,1-188-281-1336,nunc.id@google.edu,Ap #387-5372 Tristique Rd.,630823,Arequipa,United States,11,"Nam nulla magna, malesuada vel, convallis in, cursus et, eros.",8,$79.91,TNQ40RGP3LK
Reagan Key,1-796-445-0899,et.ipsum.cursus@hotmail.net,Ap #391-6187 Metus Ave,575279,Gyeonggi,Ukraine,19,"a purus. Duis elementum, dui quis accumsan convallis, ante lectus",7,$17.92,NGL26VJP2UL
Maryam David,1-374-242-4842,pede.praesent.eu@icloud.couk,7819 Pharetra Avenue,391054,Munster,Brazil,19,"lacinia vitae, sodales at, velit. Pellentesque ultricies dignissim lacus. Aliquam",5,$24.27,EQD64JSS1OO
Zenia Spears,(965) 443-8017,tristique.senectus.et@icloud.net,"Ap #508-7655 Non, St.",1625,Overijssel,Peru,5,sapien imperdiet ornare. In faucibus. Morbi vehicula. Pellentesque tincidunt tempus,4,$35.06,GPK38KRK7EO
Jescie Davis,(516) 950-1927,malesuada.integer.id@aol.edu,Ap #721-2316 Donec Avenue,97972,Gangwon,Turkey,19,porttitor scelerisque neque. Nullam nisl. Maecenas malesuada fringilla est. Mauris,5,$31.96,ZSQ23BMP1PH
Tara Kirk,(494) 785-4776,euismod.in.dolor@protonmail.couk,Ap #652-3615 Egestas Road,11630,Moscow Oblast,Vietnam,13,"Suspendisse non leo. Vivamus nibh dolor, nonummy ac, feugiat non,",7,$92.41,BQE74YVS7KL
Cyrus White,1-345-956-8373,luctus@hotmail.ca,132-3160 Aliquet Av.,41-476,Franche-Comté,Peru,3,"pede nec ante blandit viverra. Donec tempus, lorem fringilla ornare",7,$70.93,YRS61CQE7QY
Timon Faulkner,1-481-516-4567,enim@google.edu,"P.O. Box 943, 7864 Enim Street",5343,La Rioja,Belgium,5,"enim. Nunc ut erat. Sed nunc est, mollis non, cursus",1,$40.82,DHK66XBJ9OS
Rooney Johnson,1-985-694-2502,aenean.sed.pede@protonmail.com,263-1111 Donec Av.,21812,West Region,Austria,15,"lectus convallis est, vitae sodales nisi magna sed dui. Fusce",6,$26.89,FGJ14MSG6QD
Kelly Mendoza,1-730-903-7465,viverra.donec.tempus@icloud.edu,"P.O. Box 349, 5380 Vel Rd.",22854,Free State,Colombia,7,"Maecenas mi felis, adipiscing fringilla, porttitor vulputate, posuere vulputate, lacus.",9,$19.44,XKQ24YMV2XX
Jaquelyn Rios,(525) 480-1715,proin.eget@hotmail.org,"P.O. Box 470, 188 Rhoncus. Rd.",2376,Podkarpackie,Brazil,1,Nunc pulvinar arcu et pede. Nunc sed orci lobortis augue,9,$88.97,VKF77YWF7DQ
Sybill Mckee,(586) 222-5861,dui@icloud.ca,221-8177 Vestibulum. Rd.,32155,Tver Oblast,India,11,"elit sed consequat auctor, nunc nulla vulputate dui, nec tempus",6,$80.91,PIJ28PHP4DI
Ezra Martin,1-231-226-5394,ante.dictum.mi@icloud.org,"P.O. Box 736, 5791 Nec Street",74130,Bourgogne,Vietnam,3,"rhoncus. Proin nisl sem, consequat nec, mollis vitae, posuere at,",9,$17.09,BDJ33QJT2WS
Yoshio Norman,1-654-701-8735,auctor.quis@outlook.edu,371 Diam. St.,97731,Cantabria,Sweden,1,inceptos hymenaeos. Mauris ut quam vel sapien imperdiet ornare. In,0,$70.43,VFN59IJY5KT
Imelda England,1-595-781-3283,non.lacinia@aol.net,"P.O. Box 550, 8451 Integer Ave",1421-6307,Noord Holland,Chile,17,Fusce mollis. Duis sit amet diam eu dolor egestas rhoncus.,9,$52.78,UPN18UBB4XG
Wylie Boone,1-748-612-0343,sed.nulla.ante@outlook.net,166-7092 Aliquet Road,2765,FATA,United Kingdom,11,Nunc mauris. Morbi non sapien molestie orci tincidunt adipiscing. Mauris,7,$72.12,WQA69JWF5UH
Ocean Berg,(495) 479-2411,nunc.ullamcorper@google.net,640-7309 Metus. St.,805824,Donetsk oblast,Austria,5,"a, scelerisque sed, sapien. Nunc pulvinar arcu et pede. Nunc",1,$3.58,OLV21MLM3DB
Larissa Huff,1-818-551-8893,purus.mauris.a@yahoo.com,"P.O. Box 125, 8941 Ullamcorper Avenue",UG57 1IZ,Connacht,Australia,7,"Donec est. Nunc ullamcorper, velit in aliquet lobortis, nisi nibh",1,$75.15,MQX38RRP5MI
Mia Moon,(441) 628-7688,viverra.donec.tempus@aol.ca,Ap #733-5340 Euismod St.,21-292,Zhytomyr oblast,Spain,13,nisi. Mauris nulla. Integer urna. Vivamus molestie dapibus ligula. Aliquam,10,$12.60,EYS42RTJ9VP
Xyla Reyes,1-349-935-7566,diam.dictum.sapien@google.net,Ap #886-7192 Nulla St.,7757,Voronezh Oblast,Peru,15,"neque tellus, imperdiet non, vestibulum nec, euismod in, dolor. Fusce",6,$94.08,JSC83KNA1AW
Daryl Lyons,1-636-208-6621,luctus.ut@outlook.com,826-9177 Semper Road,71242,Oost-Vlaanderen,South Korea,15,mauris sit amet lorem semper auctor. Mauris vel turpis. Aliquam,10,$54.50,ESJ52ADK9RR
Idona Nichols,(705) 232-2732,tincidunt@aol.ca,"P.O. Box 772, 6090 Congue Street",48957,Huila,Singapore,5,"dolor dapibus gravida. Aliquam tincidunt, nunc ac mattis ornare, lectus",6,$98.04,SQY27MSN2LE
Todd Jensen,(661) 979-2021,amet.risus.donec@outlook.org,934-2642 Orci Avenue,73257,Sachsen-Anhalt,New Zealand,3,fermentum metus. Aenean sed pede nec ante blandit viverra. Donec,5,$27.13,EMN32VCZ5EP
Madison Malone,(729) 445-6115,ridiculus.mus@protonmail.edu,"P.O. Box 973, 8152 Libero. Ave",68-22,San José,United Kingdom,19,"sodales purus, in molestie tortor nibh sit amet orci. Ut",0,$49.13,LGS07HYS1QK
Upton Day,(221) 202-2964,faucibus.ut.nulla@hotmail.net,523-7620 Dolor. Street,1533,Flevoland,Ukraine,5,"sem ut cursus luctus, ipsum leo elementum sem, vitae aliquam",1,$40.63,BOV02MJY6JP
Calista Barnes,(427) 814-1361,duis.risus@hotmail.ca,652-8669 Justo. St.,9143,Aragón,Vietnam,13,et netus et malesuada fames ac turpis egestas. Fusce aliquet,8,$24.35,GNX46XXU5IV
Echo Roy,1-318-931-2388,sem.ut@outlook.ca,"P.O. Box 971, 9442 Fringilla. Road",73770,Lorraine,Peru,15,"purus sapien, gravida non, sollicitudin a, malesuada id, erat. Etiam",10,$34.69,FYY63VRU0YW
Conan Brady,1-777-597-4755,maecenas@outlook.net,110-8843 Augue Rd.,1364 HO,Los Ríos,Chile,13,"interdum. Sed auctor odio a purus. Duis elementum, dui quis",7,$98.74,VKP76SJV4ED
Cullen Wallace,1-323-772-3082,cursus@icloud.net,Ap #971-170 Turpis. St.,9966,Samsun,Vietnam,11,"at, egestas a, scelerisque sed, sapien. Nunc pulvinar arcu et",1,$50.25,UDE74BRY6VU
Jolene Snyder,(643) 890-5725,eu@google.com,779-7803 Dolor. Avenue,869384,Karnataka,United Kingdom,1,"ipsum. Suspendisse non leo. Vivamus nibh dolor, nonummy ac, feugiat",6,$56.37,SIM95HJJ1DX
Rama Macias,1-927-325-4343,sit.amet@icloud.org,"P.O. Box 754, 7216 Orci St.",5784,Mazowieckie,Mexico,13,magna. Suspendisse tristique neque venenatis lacus. Etiam bibendum fermentum metus.,1,$44.27,JQM80HKB8VS
Kessie Emerson,1-665-592-6447,dolor.egestas@protonmail.ca,370-4101 Enim. Av.,96-534,Henegouwen,Italy,1,"odio a purus. Duis elementum, dui quis accumsan convallis, ante",10,$97.36,NQA98NGE2NI
Harrison Mcfarland,1-647-676-4221,cras@outlook.com,"Ap #414-6824 Mauris, Ave",300138,Nagaland,Ireland,1,vel quam dignissim pharetra. Nam ac nulla. In tincidunt congue,8,$10.40,BXK28DWI3HM
Damian Marquez,1-718-452-4486,interdum.ligula.eu@icloud.couk,351-1695 Ac Ave,896751,Dalarnas län,Vietnam,13,Curae Donec tincidunt. Donec vitae erat vel pede blandit congue.,6,$97.25,LSR86FDQ8SF
Dieter Garcia,1-689-615-2916,et@google.net,699-9473 Felis Avenue,63430,Balochistan,China,15,"Sed congue, elit sed consequat auctor, nunc nulla vulputate dui,",6,$60.55,RZJ35DUH8BM
Hasad Soto,(557) 177-1142,parturient.montes.nascetur@yahoo.org,Ap #345-4220 Nulla. St.,4268,Kirov Oblast,Peru,15,eros. Nam consequat dolor vitae dolor. Donec fringilla. Donec feugiat,9,$29.30,MBH67SYS4VY
Adele Buck,(787) 345-5929,lobortis.augue@protonmail.com,"P.O. Box 449, 5951 Non, St.",34768,Limburg,Ireland,19,"dolor egestas rhoncus. Proin nisl sem, consequat nec, mollis vitae,",2,$15.97,KQU66NDL2RB
Azalia Rivers,(355) 712-6133,enim.commodo@protonmail.ca,"P.O. Box 226, 5328 Mauris St.",73081,Viken,Austria,11,"egestas, urna justo faucibus lectus, a sollicitudin orci sem eget",8,$43.40,LVU12AUN8CN
Yen Bright,1-482-819-2728,quis.tristique@hotmail.edu,"Ap #234-5348 Orci, Avenue",145512,Essex,South Africa,1,lectus justo eu arcu. Morbi sit amet massa. Quisque porttitor,10,$2.91,EGZ48DJF4HB
David Sears,(672) 481-3242,fusce.feugiat@icloud.org,Ap #347-712 Pede Rd.,44672,Styria,Poland,3,metus. In nec orci. Donec nibh. Quisque nonummy ipsum non,7,$20.48,NTX33LBF7DN
Deirdre Torres,1-675-894-7384,elit@outlook.ca,270-9405 Suspendisse Avenue,3227,Vienna,Norway,5,fringilla euismod enim. Etiam gravida molestie arcu. Sed eu nibh,5,$81.45,WJO64QMB3WW
Austin Ferrell,(421) 617-2734,lacus.quisque.imperdiet@icloud.edu,5519 Donec St.,56-25,Sachsen-Anhalt,Peru,5,Sed nec metus facilisis lorem tristique aliquet. Phasellus fermentum convallis,3,$50.51,RZM64JYY1KI
September Guthrie,(753) 623-1972,semper.pretium@yahoo.net,607-7395 Eget St.,22129-111,Jönköpings län,Belgium,17,"eu lacus. Quisque imperdiet, erat nonummy ultricies ornare, elit elit",4,$88.18,HCC55SZN2VE
Dante Olsen,1-406-887-7777,diam.lorem@protonmail.edu,377-1998 Feugiat Street,6227,Xīnán,Singapore,7,lorem tristique aliquet. Phasellus fermentum convallis ligula. Donec luctus aliquet,9,$9.51,CBX83PPE7UN
Ria Best,1-893-510-1283,primis.in@outlook.couk,Ap #956-8374 Aptent Ave,281212,North Island,Sweden,7,"et, commodo at, libero. Morbi accumsan laoreet ipsum. Curabitur consequat,",7,$8.80,UGD25VGG9MI
Brenden Hayes,1-531-815-4415,primis.in.faucibus@aol.couk,Ap #220-2418 Nunc Rd.,69-35,Magdalena,China,9,nulla. Donec non justo. Proin non massa non ante bibendum,1,$14.03,GEG16YFB9SS
Wylie Alvarado,(183) 816-8436,facilisi.sed@aol.couk,Ap #157-7399 Arcu. Ave,235677,Bretagne,Norway,15,quam. Pellentesque habitant morbi tristique senectus et netus et malesuada,6,$98.65,FLC40CLC9XR
Cecilia Hart,(666) 260-6885,natoque@protonmail.org,381 Curabitur Ave,84-44,Lorraine,Singapore,5,Pellentesque tincidunt tempus risus. Donec egestas. Duis ac arcu. Nunc,4,$99.04,VTF58NZF5LP
Alexander Hart,(451) 589-6768,est@aol.org,444-3616 Fermentum St.,642475,Aragón,China,5,"facilisis. Suspendisse commodo tincidunt nibh. Phasellus nulla. Integer vulputate, risus",8,$78.16,UED61LGP3WP
Christine Maxwell,1-526-885-8122,proin.dolor@protonmail.edu,Ap #284-6998 Cum Av.,8165 XA,Jammu and Kashmir,United States,15,"dolor sit amet, consectetuer adipiscing elit. Etiam laoreet, libero et",6,$54.05,ALC75REP7VC
Alec Murphy,1-756-665-1048,ipsum@hotmail.edu,"P.O. Box 182, 2750 Sollicitudin Rd.",674354,FATA,France,5,"purus, in molestie tortor nibh sit amet orci. Ut sagittis",9,$4.15,MRV33BOQ1XW
Asher Mcleod,(114) 979-7333,consequat.enim@protonmail.org,229-2105 Molestie St.,52588,Huáběi,United Kingdom,19,Donec egestas. Aliquam nec enim. Nunc ut erat. Sed nunc,8,$95.76,UMG37TCH2CM
Octavia Bowen,1-614-242-5627,consectetuer@icloud.ca,571-1593 Lacus. Road,67271-455,South Australia,China,19,"ultrices sit amet, risus. Donec nibh enim, gravida sit amet,",6,$64.63,VSX52GWB8SI
Joseph Mooney,1-104-427-5928,mauris@outlook.com,623-9398 Turpis Road,5411,Idaho,China,1,"lectus ante dictum mi, ac mattis velit justo nec ante.",5,$80.79,QGA13UTB6SG
Kirby Foreman,(474) 250-7806,nec.tempus@protonmail.ca,2617 At Av.,36277,Ulster,Italy,11,sem eget massa. Suspendisse eleifend. Cras sed leo. Cras vehicula,0,$55.14,MPI25UDF9XF
Kimberly Hodges,1-673-686-3162,ut.sem@outlook.ca,"Ap #180-4701 Lectus, Avenue",07214,Goiás,China,13,"Suspendisse commodo tincidunt nibh. Phasellus nulla. Integer vulputate, risus a",0,$44.43,WCA57AMB4JP
William Reid,(772) 437-5738,arcu.nunc.mauris@hotmail.org,7348 Nam Street,24237,Eastern Cape,Turkey,11,aliquam arcu. Aliquam ultrices iaculis odio. Nam interdum enim non,2,$89.28,HJC16LYB8EK
Emma Pugh,1-862-635-6406,eu.enim@hotmail.couk,833-2896 Porttitor Street,319715,Hòa Bình,Costa Rica,1,Proin vel nisl. Quisque fringilla euismod enim. Etiam gravida molestie,6,$50.57,EEI71KOY7PL
Basia Cooke,1-473-454-9843,quam.vel.sapien@protonmail.org,"Ap #114-7837 Ut, St.",348844,North Jeolla,South Korea,19,"rhoncus. Nullam velit dui, semper et, lacinia vitae, sodales at,",5,$3.16,QEK57TDW3OL
Zoe Hodge,1-768-801-6373,eleifend.nunc@aol.com,"781-2837 Aliquam, St.",VL71 4ZH,Campania,Australia,9,aliquet molestie tellus. Aenean egestas hendrerit neque. In ornare sagittis,6,$68.39,IBR71IYP5KI
Chester Hooper,1-201-388-9628,tincidunt.tempus.risus@hotmail.ca,"P.O. Box 627, 9837 Felis Ave",84840,Ivanovo Oblast,Spain,15,"montes, nascetur ridiculus mus. Donec dignissim magna a tortor. Nunc",6,$35.90,PWT97FTK0PP
Madonna Koch,(951) 680-4552,nec.diam@icloud.ca,"P.O. Box 447, 4336 Risus Road",00230-44547,Xīběi,Nigeria,7,"tristique ac, eleifend vitae, erat. Vivamus nisi. Mauris nulla. Integer",6,$28.19,ENR68PSO5TP
Ray Hayden,1-472-898-9370,a.facilisis@google.edu,835-4716 Aliquet St.,097548,Azad Kashmir,China,1,"mauris id sapien. Cras dolor dolor, tempus non, lacinia at,",2,$70.97,OLG25NVZ5KS
Maxine Woodard,1-208-897-4553,arcu.vestibulum@aol.ca,Ap #412-9184 Nec Rd.,34823,Punjab,Sweden,19,fringilla. Donec feugiat metus sit amet ante. Vivamus non lorem,7,$23.25,SPN36FIR1PY
Tanya Wilkinson,1-911-226-9886,vestibulum.ante.ipsum@hotmail.ca,4864 Nulla Ave,847322,Drenthe,Ireland,5,"ac metus vitae velit egestas lacinia. Sed congue, elit sed",6,$81.42,JBX82LFD6RL
Teagan Casey,(404) 307-4715,sit.amet@aol.org,"P.O. Box 308, 849 Et St.",774645,San José,Chile,19,sollicitudin orci sem eget massa. Suspendisse eleifend. Cras sed leo.,8,$16.40,TJO72TOV9IR
Tamara Hutchinson,1-439-844-8475,natoque.penatibus@aol.net,Ap #615-9772 Praesent Avenue,762633,Lubelskie,Germany,15,"elit. Aliquam auctor, velit eget laoreet posuere, enim nisl elementum",1,$16.95,OFK60CMM5JI
Summer Riley,1-365-683-3830,dictum.eu.eleifend@google.edu,683-6879 Magna. St.,382949,Limpopo,Sweden,7,"velit in aliquet lobortis, nisi nibh lacinia orci, consectetuer euismod",1,$24.93,GBD02DNE1FM
Garrett Horn,(462) 378-7564,ac.turpis@outlook.ca,"P.O. Box 105, 7868 Commodo Ave",K8X 3K2,Eastern Cape,Norway,3,eu elit. Nulla facilisi. Sed neque. Sed eget lacus. Mauris,6,$93.01,FRM11UWX1RX
Stephanie Gould,1-925-638-7065,a.ultricies@yahoo.edu,9232 Et Road,282274,Bayern,Singapore,19,"augue porttitor interdum. Sed auctor odio a purus. Duis elementum,",5,$35.84,KPD56FNX2WC
Uriah Callahan,(167) 336-4350,dolor.quam.elementum@hotmail.net,889-3589 Libero St.,6975,Xīnán,Vietnam,7,"rutrum urna, nec luctus felis purus ac tellus. Suspendisse sed",4,$68.25,YJQ52RHH0TS
Lucas Pitts,(717) 478-9931,non.enim.commodo@outlook.edu,560-3728 Dictum Avenue,7521,Sindh,South Africa,11,"purus. Maecenas libero est, congue a, aliquet vel, vulputate eu,",4,$40.82,RVL13PWY7FK
Cleo Massey,(851) 430-3824,gravida.aliquam@yahoo.org,"Ap #475-6112 Amet, Street",254619,İzmir,Vietnam,11,Etiam gravida molestie arcu. Sed eu nibh vulputate mauris sagittis,0,$9.37,XKY63GEI5SQ
Ruth Alston,(333) 252-0863,ridiculus@yahoo.net,145-4309 Fames Road,16385,Franche-Comté,Austria,5,dictum. Proin eget odio. Aliquam vulputate ullamcorper magna. Sed eu,9,$6.02,UUK08YQD3ID
Amela David,(818) 742-9266,hendrerit.a.arcu@aol.org,446-5372 Odio Street,55033,Huáběi,Sweden,17,Donec nibh. Quisque nonummy ipsum non arcu. Vivamus sit amet,6,$90.05,MOM25ODB3LA
Adrian Pena,(766) 526-2831,sapien.imperdiet.ornare@google.ca,"P.O. Box 514, 3148 Integer Ave",641653,Umbria,Chile,17,et ipsum cursus vestibulum. Mauris magna. Duis dignissim tempor arcu.,10,$11.72,IIN40IDY2DU
Adrian Quinn,(327) 831-1141,eros.nam@hotmail.edu,"P.O. Box 604, 7683 Auctor Rd.",11334,Rivne oblast,Costa Rica,7,"orci, consectetuer euismod est arcu ac orci. Ut semper pretium",9,$96.31,MUE56OML7SJ
Mona Vaughan,(782) 294-1535,magna.a@outlook.couk,Ap #362-7047 Neque St.,792308,Western Australia,Canada,15,risus. Nulla eget metus eu erat semper rutrum. Fusce dolor,9,$47.77,FDE76ESN4FG
Hadassah Rowland,1-262-777-6514,tellus.justo@protonmail.org,"P.O. Box 551, 1473 Eu Street",224119,Selkirkshire,Poland,13,"sed orci lobortis augue scelerisque mollis. Phasellus libero mauris, aliquam",3,$65.62,JUD61PQO7XX
Steel Chaney,(750) 831-4381,id.libero.donec@google.ca,5226 Ornare. Road,34-997,Madrid,South Africa,11,risus quis diam luctus lobortis. Class aptent taciti sociosqu ad,1,$13.73,WEE48OVL5PO
Galvin Sutton,1-942-729-5497,proin.nisl@aol.ca,"P.O. Box 370, 3042 Ut Rd.",05037,Berwickshire,Austria,3,"mollis vitae, posuere at, velit. Cras lorem lorem, luctus ut,",1,$78.74,DLN45NOH0LI
Ramona Burt,(400) 242-3183,venenatis.lacus.etiam@aol.couk,"P.O. Box 761, 2011 Vestibulum. Rd.",9545,Wyoming,Vietnam,9,"nonummy ultricies ornare, elit elit fermentum risus, at fringilla purus",5,$36.47,NXM62WMV7FY
Boris Chambers,1-424-620-7677,tristique.ac@icloud.ca,Ap #506-6585 Pretium Street,17736-65106,Ulster,Belgium,11,"Nunc sed orci lobortis augue scelerisque mollis. Phasellus libero mauris,",9,$13.55,TPW37EQQ2YI
Hamish Parrish,1-619-886-7765,ut@google.edu,333-5582 Placerat. Rd.,76669-11768,North Chungcheong,United States,7,aliquam arcu. Aliquam ultrices iaculis odio. Nam interdum enim non,5,$77.08,YRV22DXS1KB
Fleur Ochoa,1-576-884-3280,nunc.lectus.pede@yahoo.net,340-4742 Orci Av.,M8P 2Y7,Limousin,Austria,17,"eu metus. In lorem. Donec elementum, lorem ut aliquam iaculis,",2,$76.88,XVY10GQE7CE
Megan Meadows,1-983-647-3548,ligula.aenean@yahoo.couk,"P.O. Box 975, 5702 Magna Avenue",669002,Valparaíso,France,3,"lorem. Donec elementum, lorem ut aliquam iaculis, lacus pede sagittis",5,$41.02,IMG62FDD4XY
Alvin Oliver,1-541-652-5883,tristique.pellentesque@google.net,Ap #245-3112 Aliquet St.,147383,Cartago,Philippines,15,"diam eu dolor egestas rhoncus. Proin nisl sem, consequat nec,",3,$46.36,LSI03FKV2PQ
Malachi Sheppard,1-680-322-9371,eget.volutpat.ornare@outlook.edu,"P.O. Box 792, 3775 Vivamus Av.",52540,Piura,Mexico,15,"suscipit, est ac facilisis facilisis, magna tellus faucibus leo, in",9,$90.01,TTG82XNO1BR
Hillary Combs,1-421-740-7757,nec@icloud.net,844-6797 Sollicitudin Av.,15522,Coahuila,Ireland,5,"sociis natoque penatibus et magnis dis parturient montes, nascetur ridiculus",2,$88.55,FWM61THP1NN
Yvette Guzman,(808) 733-8172,metus.sit@google.edu,Ap #407-7734 Malesuada Rd.,72774,Sachsen-Anhalt,Pakistan,11,dictum augue malesuada malesuada. Integer id magna et ipsum cursus,1,$82.29,XNY61DQN3UG
Pamela Bridges,1-543-543-7243,curabitur@outlook.org,Ap #844-6826 Ante. Street,2518,Innlandet,Chile,15,"in, tempus eu, ligula. Aenean euismod mauris eu elit. Nulla",6,$52.43,NXO37OZF3OH
Hayfa Tanner,1-923-165-6943,maecenas.ornare@protonmail.edu,"P.O. Box 338, 7658 Placerat, Rd.",6344,Andhra Pradesh,Turkey,1,"mauris ipsum porta elit, a feugiat tellus lorem eu metus.",4,$9.52,ISY87FZI4RX
Gabriel Wilkinson,(912) 571-5649,curae.phasellus@yahoo.couk,Ap #653-8586 Placerat Rd.,867546,West-Vlaanderen,Italy,19,ut quam vel sapien imperdiet ornare. In faucibus. Morbi vehicula.,9,$30.80,KTR33HNR5EE
Tasha Battle,(460) 880-8146,suspendisse.ac@hotmail.net,6106 Ac Rd.,643142,Australian Capital Territory,Chile,11,"eros nec tellus. Nunc lectus pede, ultrices a, auctor non,",1,$11.46,TIU61PHG4QQ
Octavius Christensen,1-271-878-2312,ut@protonmail.org,233-905 Pretium Street,87897-12093,Magallanes y Antártica Chilena,Nigeria,15,"semper et, lacinia vitae, sodales at, velit. Pellentesque ultricies dignissim",3,$86.09,IFU89FWK7SI
Tatiana Harris,(508) 152-2824,fermentum.vel@protonmail.com,"998-9043 In, Rd.",5416,Gilgit Baltistan,Philippines,1,mus. Aenean eget magna. Suspendisse tristique neque venenatis lacus. Etiam,4,$26.64,ERV31PHA8HN
Guy Monroe,1-361-571-4626,duis.mi@yahoo.org,919-9592 Iaculis Av.,18-22,Jeju,Norway,1,"velit in aliquet lobortis, nisi nibh lacinia orci, consectetuer euismod",4,$62.06,QOU12QEK0KX
Nasim Olson,1-685-946-6351,eu.dolor@yahoo.com,296-583 Mauris St.,50236,Extremadura,Ukraine,1,"ipsum dolor sit amet, consectetuer adipiscing elit. Curabitur sed tortor.",7,$8.77,NNF73LXS8KF
Veda Reid,1-380-831-9370,nunc.lectus.pede@icloud.edu,Ap #120-3261 Pulvinar Road,10822,Free State,Poland,17,iaculis odio. Nam interdum enim non nisi. Aenean eget metus.,10,$35.21,RCO11LFW6SS
Amir Acosta,1-632-252-0309,pellentesque.eget.dictum@google.com,9416 Neque Road,6832,Troms og Finnmark,Ukraine,9,"facilisis non, bibendum sed, est. Nunc laoreet lectus quis massa.",6,$18.63,RJI24JDO2MS
Keane Wade,(742) 382-9772,torquent.per@outlook.com,467-1192 Nisl Road,300318,Mississippi,New Zealand,7,"montes, nascetur ridiculus mus. Proin vel arcu eu odio tristique",10,$73.88,TNO77EEP2TF
Ryan Quinn,1-970-741-5566,ut.tincidunt@google.edu,Ap #135-4931 Donec Ave,3850-1226,West Sumatra,Mexico,1,fringilla. Donec feugiat metus sit amet ante. Vivamus non lorem,2,$78.67,NBC48UYH7DF
Mia Macias,1-855-592-5215,adipiscing@hotmail.org,"7891 Nunc, Avenue",132216,Manisa,Pakistan,1,"nulla ante, iaculis nec, eleifend non, dapibus rutrum, justo. Praesent",2,$36.42,ICP56QDH3FI
Kirestin Barr,1-585-242-5308,ut@aol.org,177-4068 Risus. St.,32585,Azad Kashmir,Russian Federation,1,"ac, fermentum vel, mauris. Integer sem elit, pharetra ut, pharetra",6,$48.24,TXD37QOB1FI
Sigourney Montoya,1-518-612-8761,eget.ipsum@hotmail.org,Ap #447-9688 Proin Av.,77597,Podlaskie,Netherlands,13,"eget laoreet posuere, enim nisl elementum purus, accumsan interdum libero",4,$20.37,BUX31GGI0WK
Vivien Terrell,1-482-318-7839,condimentum.eget@yahoo.couk,191-5919 Cursus Road,7582-1427,Los Ríos,Brazil,11,mauris. Suspendisse aliquet molestie tellus. Aenean egestas hendrerit neque. In,7,$20.04,FOM83KJF6BT
Astra Wiggins,(284) 929-8543,risus@yahoo.edu,335-3659 Libero St.,0894 DU,Coquimbo,Austria,7,"imperdiet, erat nonummy ultricies ornare, elit elit fermentum risus, at",6,$53.27,KRL35PBK2RP
Dillon Tillman,1-468-318-7371,pretium@google.ca,"P.O. Box 533, 7510 Sit Ave",55278,North Island,Mexico,5,eget ipsum. Suspendisse sagittis. Nullam vitae diam. Proin dolor. Nulla,8,$66.56,RNN14LLM5KL
Gil Browning,(968) 772-3182,nulla.tincidunt@hotmail.edu,2508 Donec Rd.,11745,Central Region,China,11,Morbi sit amet massa. Quisque porttitor eros nec tellus. Nunc,5,$84.98,JHJ07TXN3JS
Raymond Lester,1-505-818-2016,sed.eu.nibh@hotmail.org,7375 Congue Rd.,B8S 6E7,Styria,Singapore,15,purus gravida sagittis. Duis gravida. Praesent eu nulla at sem,6,$92.01,PDK36GZL9GF
Heidi Miles,1-809-259-4338,arcu.vestibulum@hotmail.edu,"P.O. Box 314, 1035 Luctus, Ave",22693,Zeeland,New Zealand,7,ullamcorper magna. Sed eu eros. Nam consequat dolor vitae dolor.,1,$66.11,OCD32AJQ5WJ
Cyrus Spears,1-564-267-6064,commodo.tincidunt.nibh@protonmail.edu,790-3150 Vestibulum Street,88532,Extremadura,Ukraine,9,feugiat. Sed nec metus facilisis lorem tristique aliquet. Phasellus fermentum,9,$11.33,PMV34HOX8BN
Denise Dillard,1-462-952-6807,rhoncus.id@aol.couk,Ap #399-703 In Street,34410,Ivano-Frankivsk oblast,South Africa,9,"lectus, a sollicitudin orci sem eget massa. Suspendisse eleifend. Cras",7,$31.74,LHH68MIP6NF
Paloma David,(751) 604-9131,euismod@google.net,Ap #343-5328 Aliquam St.,28826-441,Aisén,Poland,7,"consectetuer adipiscing elit. Aliquam auctor, velit eget laoreet posuere, enim",6,$87.69,VZF24SHH1RE
Damon Mcintosh,(450) 721-3133,augue.ut.lacus@icloud.edu,374-8063 Sit Rd.,45269-770,Bolívar,China,7,"eu, ultrices sit amet, risus. Donec nibh enim, gravida sit",5,$12.36,GOY64YYN5YX
Cameran Mcdonald,1-611-446-2348,est.nunc@google.org,Ap #998-6653 In Rd.,694521,Nunavut,Turkey,19,ligula eu enim. Etiam imperdiet dictum magna. Ut tincidunt orci,4,$97.11,PZG23OJY1FM
Aquila Hopper,(644) 793-6313,luctus.felis@hotmail.ca,657-4275 Tellus. Ave,16821,Atlántico,Indonesia,3,orci. Phasellus dapibus quam quis diam. Pellentesque habitant morbi tristique,5,$50.77,JPX02IRO3LS
Scott Soto,(357) 221-2068,eleifend.vitae.erat@protonmail.ca,3179 Congue Av.,70445,Manisa,Indonesia,7,"Duis elementum, dui quis accumsan convallis, ante lectus convallis est,",7,$3.43,YKO72XNI4FA
Lewis Ward,1-730-248-2685,tristique.ac@outlook.couk,"5521 Enim, Rd.",3300 EL,Western Australia,South Korea,11,"iaculis quis, pede. Praesent eu dui. Cum sociis natoque penatibus",7,$84.77,IAC17PFL6UC
Vanna Sampson,(334) 467-8654,orci@outlook.ca,"Ap #159-4927 Non, Road",77762,Lubelskie,Italy,3,"Donec est. Nunc ullamcorper, velit in aliquet lobortis, nisi nibh",7,$61.90,DJJ44ZVD9YU
Zena York,(296) 766-6352,viverra@yahoo.couk,Ap #786-6544 Ac Rd.,45776,Luhansk oblast,South Africa,19,"conubia nostra, per inceptos hymenaeos. Mauris ut quam vel sapien",9,$84.17,GFD56JQN7HS
Hedley Duke,1-853-126-9636,sed@outlook.org,915-1196 Sagittis Street,868421,Jigawa,Brazil,3,sed pede. Cum sociis natoque penatibus et magnis dis parturient,6,$89.11,UPG06YFL4NK
Regan Carney,(757) 322-0055,ornare.sagittis@google.edu,"2262 Amet, Rd.",466571,Mecklenburg-Vorpommern,Chile,11,"Duis mi enim, condimentum eget, volutpat ornare, facilisis eget, ipsum.",9,$83.88,RNT23WUB6AB
Karen Velazquez,1-483-745-6717,nonummy.ut@icloud.ca,Ap #533-3523 Magnis Road,678569,South Gyeongsang,Italy,7,Mauris nulla. Integer urna. Vivamus molestie dapibus ligula. Aliquam erat,10,$33.33,CHV41DPG3XL
Heidi Grimes,1-830-933-7047,non@icloud.com,"1919 Eu, Avenue",225607,Dalarnas län,India,13,dolor. Donec fringilla. Donec feugiat metus sit amet ante. Vivamus,6,$63.64,QKV53ZSV1JM
Bernard Harvey,(717) 394-3450,scelerisque.neque@google.com,470-1797 Dapibus Avenue,686284,Tarapacá,Colombia,11,ridiculus mus. Donec dignissim magna a tortor. Nunc commodo auctor,2,$20.08,TPP01IXN3FM
Clarke Drake,(373) 715-1949,nisl.nulla@icloud.couk,"P.O. Box 483, 1650 Fringilla Av.",2028 EO,Namen,New Zealand,1,"risus. Donec nibh enim, gravida sit amet, dapibus id, blandit",5,$73.29,EVJ56VSN7CR
Stella Gallagher,1-335-235-9288,viverra@outlook.edu,Ap #328-2118 Suspendisse Av.,1939-2725,Vienna,Ukraine,17,mattis. Cras eget nisi dictum augue malesuada malesuada. Integer id,1,$80.64,RZY02SLZ5SS
Griffith Brennan,1-680-346-4107,pede.malesuada@hotmail.org,"P.O. Box 703, 4642 Suspendisse Ave",82864-184,North Island,United Kingdom,17,nascetur ridiculus mus. Aenean eget magna. Suspendisse tristique neque venenatis,10,$42.55,BSL64OLT4QK
Julie Petty,1-777-839-8772,suspendisse.sed.dolor@icloud.ca,776-3895 Maecenas St.,41803,Leinster,Peru,15,"erat, in consectetuer ipsum nunc id enim. Curabitur massa. Vestibulum",8,$91.90,WTF61QLJ5DV
Kane Cooke,(563) 259-3013,dignissim.lacus@yahoo.edu,Ap #935-8389 Vestibulum. St.,6378,South Island,Pakistan,9,"Duis at lacus. Quisque purus sapien, gravida non, sollicitudin a,",5,$4.05,ERU72TFZ6WS
Raven Crosby,1-234-426-6456,diam@google.com,"334-753 Augue, Road",432995,Lâm Đồng,India,7,senectus et netus et malesuada fames ac turpis egestas. Aliquam,3,$70.46,XMS84IFF9ZV
Ciaran Kerr,(753) 695-8495,non.bibendum@protonmail.net,Ap #168-8795 Integer Av.,2807 ON,Stockholms län,Nigeria,13,"natoque penatibus et magnis dis parturient montes, nascetur ridiculus mus.",9,$4.59,XOH73LDJ5EJ
Phelan Dodson,(656) 457-5351,velit.sed@aol.edu,331-1009 Aliquam Avenue,50200,Haryana,Germany,17,quis arcu vel quam dignissim pharetra. Nam ac nulla. In,9,$94.27,QSL63SCY0BS
Germaine Carrillo,(731) 492-7417,in@hotmail.net,Ap #754-5200 Integer Rd.,16344,Gävleborgs län,Peru,5,"vulputate, nisi sem semper erat, in consectetuer ipsum nunc id",8,$78.11,UWF36FLB4UB
Valentine Floyd,(240) 745-7813,fames.ac.turpis@protonmail.com,Ap #819-9975 Hendrerit. Ave,492679,West Region,Costa Rica,19,"Cras lorem lorem, luctus ut, pellentesque eget, dictum placerat, augue.",0,$95.12,TZF22DPI6WM
Rafael Mccullough,(526) 433-1197,egestas@google.com,6590 Lorem Avenue,14817,Querétaro,Pakistan,13,"natoque penatibus et magnis dis parturient montes, nascetur ridiculus mus.",3,$21.90,MNM85NPW3WD
Neve Adams,1-802-450-5466,neque.vitae@hotmail.edu,Ap #805-2839 Gravida. Road,21314,Oost-Vlaanderen,Germany,7,"feugiat non, lobortis quis, pede. Suspendisse dui. Fusce diam nunc,",8,$87.84,CYN53RDF9VL
Jasper Stanton,(374) 169-4810,lorem.sit@google.org,466-8841 Neque Street,4175-7372,Noord Brabant,Belgium,9,"sem elit, pharetra ut, pharetra sed, hendrerit a, arcu. Sed",0,$17.47,OEH73NZA6ZE
Ivor Lynch,(285) 566-1392,facilisis.lorem.tristique@aol.couk,Ap #858-152 Lacinia Street,8758,Vestland,China,7,"commodo tincidunt nibh. Phasellus nulla. Integer vulputate, risus a ultricies",2,$78.46,NFF03JRE2CE
Mannix Camacho,(511) 713-6921,molestie@hotmail.com,Ap #132-4066 Malesuada Street,7041,South Island,United Kingdom,1,"placerat, augue. Sed molestie. Sed id risus quis diam luctus",0,$53.94,XME86FOJ5MI
Raja Dickerson,1-523-431-3266,nullam@protonmail.ca,Ap #733-5945 Amet St.,14576,Poltava oblast,Russian Federation,17,tristique aliquet. Phasellus fermentum convallis ligula. Donec luctus aliquet odio.,1,$49.40,WND36SLG9CF
Maris Phelps,1-746-271-5190,arcu.iaculis@hotmail.couk,7543 Eleifend Rd.,5056,Coquimbo,Nigeria,17,"lacus. Quisque imperdiet, erat nonummy ultricies ornare, elit elit fermentum",4,$74.11,HMZ14IDX8OM
Donovan Wiggins,1-924-424-0182,sed.consequat@aol.edu,Ap #903-3633 Facilisis Rd.,3468,Mazowieckie,Chile,1,amet nulla. Donec non justo. Proin non massa non ante,3,$80.18,DSR32PGB3FC
Savannah Griffin,1-567-357-5567,sapien.nunc.pulvinar@icloud.com,Ap #369-5702 Vitae Street,751247,South Island,Ireland,11,"nec enim. Nunc ut erat. Sed nunc est, mollis non,",4,$27.49,VEC93SIU5RL
Ray Molina,(646) 382-2518,praesent.luctus@icloud.couk,787-4437 Facilisis Avenue,89144-479,Västra Götalands län,India,15,"euismod in, dolor. Fusce feugiat. Lorem ipsum dolor sit amet,",6,$18.27,VHJ35TPW2TG
Castor Carpenter,(237) 538-9491,eleifend.non.dapibus@icloud.com,236-779 Cras Av.,18728,South Gyeongsang,Russian Federation,11,magna. Cras convallis convallis dolor. Quisque tincidunt pede ac urna.,4,$99.44,HDR45FTD2HM
Anne Jackson,1-938-602-6234,ipsum.leo.elementum@yahoo.org,3428 Risus Rd.,Y3C 0E4,Sardegna,Netherlands,19,"sociis natoque penatibus et magnis dis parturient montes, nascetur ridiculus",9,$52.10,CCA18ESF8TF
Hammett Stevens,(424) 273-4344,tincidunt@aol.ca,"2024 Lobortis, St.",02312,Hòa Bình,Brazil,1,Nullam lobortis quam a felis ullamcorper viverra. Maecenas iaculis aliquet,3,$93.68,ECS55PNR6WD
Sylvia Porter,1-929-739-7698,luctus.aliquet@google.org,663-6629 Sem Av.,88875,Valparaíso,Italy,15,"egestas blandit. Nam nulla magna, malesuada vel, convallis in, cursus",8,$74.23,WPP73GHY3BU
Hillary Glenn,(368) 714-8653,hendrerit.neque.in@protonmail.edu,871-5286 Dapibus Av.,8719,South Jeolla,South Korea,17,sit amet metus. Aliquam erat volutpat. Nulla facilisis. Suspendisse commodo,9,$9.70,JKL61ZNB4WY
Mannix Duffy,1-229-683-3524,sed.dictum.eleifend@aol.com,"4761 Pellentesque, Ave",581552,Mpumalanga,Australia,1,"nisi. Cum sociis natoque penatibus et magnis dis parturient montes,",3,$75.28,FZY82NKH5SV
Herman Hicks,(157) 258-9473,fringilla.euismod.enim@icloud.net,Ap #756-1183 Mauris Rd.,6530,Tuyên Quang,Russian Federation,5,"velit. Cras lorem lorem, luctus ut, pellentesque eget, dictum placerat,",2,$97.63,BIM54POG1IQ
Whilemina Lynch,1-743-627-6775,feugiat@protonmail.edu,Ap #200-994 Cubilia Rd.,9891,Zaporizhzhia oblast,South Africa,17,dignissim pharetra. Nam ac nulla. In tincidunt congue turpis. In,3,$34.89,BID47DOY8TV
Baxter Yates,(820) 580-1312,at@google.org,Ap #707-2746 Cras Rd.,78916,Connacht,China,1,"diam at pretium aliquet, metus urna convallis erat, eget tincidunt",5,$34.36,WVQ87IBW6QE
Christian Clay,(634) 438-7777,libero.at.auctor@yahoo.net,566-9154 Penatibus St.,1076,Washington,Poland,9,"Fusce mi lorem, vehicula et, rutrum eu, ultrices sit amet,",5,$36.80,GXR64UWY7SR
Colby Carr,(570) 917-3662,in@protonmail.ca,"P.O. Box 268, 3364 Maecenas Road",655436,Northern Territory,China,13,Donec egestas. Duis ac arcu. Nunc mauris. Morbi non sapien,7,$21.61,JLE79PSD9VX
Jakeem Ward,(937) 679-8316,et.ultrices.posuere@google.ca,Ap #951-5708 Pellentesque. St.,95765,Texas,Turkey,19,"orci lacus vestibulum lorem, sit amet ultricies sem magna nec",2,$14.58,BBG03XQK7LT
Allen Whitney,1-748-260-7513,interdum.curabitur@icloud.ca,2287 Tristique Rd.,35678,Puntarenas,Australia,17,"blandit enim consequat purus. Maecenas libero est, congue a, aliquet",9,$15.01,SAV11XEH6KL
Leo Roman,1-858-779-8284,ipsum@protonmail.com,Ap #882-7865 Ultricies Street,776779,Jigawa,Italy,11,pede. Cras vulputate velit eu sem. Pellentesque ut ipsum ac,3,$84.15,EGV37JAC2TU
Wyatt Calhoun,1-776-881-2723,sit.amet@yahoo.ca,8001 Ac Rd.,IA71 5MC,Piemonte,United Kingdom,17,"ornare, libero at auctor ullamcorper, nisl arcu iaculis enim, sit",1,$37.22,PXQ10CCB4OO
Indira Chavez,(895) 754-3219,non@icloud.org,"P.O. Box 930, 9561 Vitae, Ave",16874-15689,Akwa Ibom,South Africa,9,"ullamcorper, velit in aliquet lobortis, nisi nibh lacinia orci, consectetuer",2,$92.83,LUG38RQK2QU
Ciara Gordon,1-868-214-6578,enim.etiam.gravida@protonmail.net,4713 Metus St.,813259,Kyiv oblast,Nigeria,19,"non, cursus non, egestas a, dui. Cras pellentesque. Sed dictum.",10,$98.11,RRH87RRM4XH
Xavier Chaney,1-616-292-6328,dignissim@aol.couk,"P.O. Box 300, 6052 Suspendisse Rd.",392138,Missouri,India,3,"pede et risus. Quisque libero lacus, varius et, euismod et,",8,$39.41,LOD03VVK6OH
Dawn Munoz,1-135-963-8119,malesuada.malesuada.integer@icloud.couk,636-9900 Id Av.,835623,Kogi,United Kingdom,17,Suspendisse tristique neque venenatis lacus. Etiam bibendum fermentum metus. Aenean,8,$77.74,TMZ12HMG2BB
Zelda Schroeder,(787) 883-6604,rhoncus.donec@icloud.com,Ap #616-201 Volutpat. Road,68903-42180,Lubelskie,United Kingdom,3,"mi pede, nonummy ut, molestie in, tempus eu, ligula. Aenean",2,$94.28,EBJ81AFV8OM
Zorita Branch,1-692-956-2174,nam@protonmail.edu,"605-9919 Eu, Road",64568,Luxemburg,Belgium,15,"natoque penatibus et magnis dis parturient montes, nascetur ridiculus mus.",3,$45.31,QMJ72SOT6FT
Castor Chambers,(515) 663-1542,rhoncus.donec@hotmail.ca,8133 Consectetuer Road,446413,Amazonas,China,3,a mi fringilla mi lacinia mattis. Integer eu lacus. Quisque,8,$65.61,FPV75WCX2QH
Adrienne Dawson,1-654-433-6490,molestie.tellus@icloud.ca,1018 Integer Street,16-687,Sardegna,Poland,9,lectus justo eu arcu. Morbi sit amet massa. Quisque porttitor,5,$55.82,HLD74ARC7JL
Rinah Miranda,(293) 128-5627,netus@icloud.ca,Ap #388-8151 Mattis. Rd.,652553,West Sulawesi,Spain,3,"Nam ligula elit, pretium et, rutrum non, hendrerit id, ante.",7,$32.49,JZY88LMO8PV
Ferdinand Pickett,(778) 908-6435,in.dolor@yahoo.couk,987-1317 Vehicula. Rd.,2242,Sindh,Sweden,7,"et magnis dis parturient montes, nascetur ridiculus mus. Donec dignissim",6,$81.84,CSX46PNG8NF
Lenore Holder,(720) 578-4533,id.risus@icloud.edu,958-9868 Nec Road,543943,Balıkesir,Brazil,19,"Quisque ac libero nec ligula consectetuer rhoncus. Nullam velit dui,",5,$25.29,IUB92DHO9KQ
Nash Howe,(871) 526-0080,purus.nullam@google.org,997-5866 Malesuada St.,50213,Haute-Normandie,Netherlands,11,volutpat nunc sit amet metus. Aliquam erat volutpat. Nulla facilisis.,5,$40.95,IWB70JOX6ND
Lillith Lowery,(275) 260-8258,gravida.praesent@google.net,Ap #944-7174 Mi Rd.,20654,Nord-Pas-de-Calais,Nigeria,5,"nunc est, mollis non, cursus non, egestas a, dui. Cras",0,$73.07,FWK70ARP1ZD
Gretchen Church,1-340-582-1404,mattis.semper.dui@hotmail.couk,"426-3059 Quam, St.",8913,Zeeland,China,9,erat vitae risus. Duis a mi fringilla mi lacinia mattis.,6,$59.83,DUJ87ISV6FX
Paula Nelson,1-635-117-9836,vehicula@icloud.org,773-2422 Maecenas St.,6019,Rivers,France,17,"nisi magna sed dui. Fusce aliquam, enim nec tempus scelerisque,",6,$16.48,RJP56XGL1QK
Dennis Haynes,1-649-963-7654,vitae.orci@google.ca,4697 Rutrum St.,3233,Magdalena,United States,15,"Sed malesuada augue ut lacus. Nulla tincidunt, neque vitae semper",4,$43.01,UCC37DFB4WU
Vaughan Vinson,1-923-873-0143,ullamcorper.duis.cursus@icloud.ca,1229 Odio. St.,65033,Nordrhein-Westphalen,Poland,3,"sem ut dolor dapibus gravida. Aliquam tincidunt, nunc ac mattis",3,$60.10,EZY41PIE2YL
Dora Roth,(588) 422-5313,a@yahoo.net,6637 Neque. St.,6648,Gauteng,Turkey,3,"felis orci, adipiscing non, luctus sit amet, faucibus ut, nulla.",1,$27.53,NRB93OFY1MM
Barry Brennan,1-467-181-0145,amet.nulla@google.ca,5292 Nisi Ave,443841,British Columbia,Vietnam,3,Nam consequat dolor vitae dolor. Donec fringilla. Donec feugiat metus,7,$11.16,XAD58XWF3HR
Lamar Norman,1-771-316-1513,sollicitudin.adipiscing@protonmail.org,718-7170 Neque Ave,505751,Orenburg Oblast,Netherlands,13,ridiculus mus. Donec dignissim magna a tortor. Nunc commodo auctor,7,$14.46,CEX85QGP1JZ
Hilel Fernandez,(938) 697-0370,nulla@hotmail.com,664-7760 Vel Avenue,81881,Sokoto,Vietnam,5,"id, libero. Donec consectetuer mauris id sapien. Cras dolor dolor,",6,$83.21,LXO29WGP0NT
Thomas Lang,1-293-766-8734,libero.morbi@aol.com,596-8987 Dis Street,3824,Putumayo,Mexico,15,"dui, nec tempus mauris erat eget ipsum. Suspendisse sagittis. Nullam",8,$71.23,SZV35SFW5LN
Kevin Dotson,1-321-878-2654,imperdiet.ornare@outlook.ca,980-1078 Tempor Ave,728173,Victoria,Turkey,1,dapibus ligula. Aliquam erat volutpat. Nulla dignissim. Maecenas ornare egestas,9,$96.11,PMI56SDG1UI
Melinda Curtis,1-783-782-7872,sit.amet@yahoo.ca,"Ap #121-2652 Amet, St.",80423,Rheinland-Pfalz,Belgium,13,"nec, imperdiet nec, leo. Morbi neque tellus, imperdiet non, vestibulum",2,$30.71,KQR46RMS4LJ
Marshall Roberson,(546) 726-8891,cursus@hotmail.ca,417-7351 Feugiat Av.,56862-97332,Cornwall,United Kingdom,3,convallis dolor. Quisque tincidunt pede ac urna. Ut tincidunt vehicula,4,$55.58,VTO10PYW6KG
Keelie Vang,1-658-823-7085,cursus.integer@icloud.edu,1183 Etiam Rd.,4249,South Australia,Poland,9,"tellus sem mollis dui, in sodales elit erat vitae risus.",3,$86.08,XOK95JTB3GT
Janna Ward,(411) 389-5440,ridiculus@google.org,Ap #911-7219 Est Ave,8871,Veneto,Poland,19,consectetuer ipsum nunc id enim. Curabitur massa. Vestibulum accumsan neque,9,$28.50,EUQ67NMI9BJ
Ginger Sweet,1-445-666-2588,orci.ut.semper@yahoo.couk,Ap #365-5995 Eros Rd.,L3R 6LG,Oregon,Ireland,13,"eros nec tellus. Nunc lectus pede, ultrices a, auctor non,",3,$83.70,WVM56JSY3AS
Carol Sweeney,1-287-225-1573,molestie.orci@google.net,5400 Cras Ave,836451,Cordillera Administrative Region,Belgium,7,sollicitudin adipiscing ligula. Aenean gravida nunc sed pede. Cum sociis,1,$30.01,AVD55VAU3OI
Herrod Roberts,(870) 762-5134,vitae.purus.gravida@aol.net,Ap #365-931 Risus. Road,83123,West Region,India,3,"at lacus. Quisque purus sapien, gravida non, sollicitudin a, malesuada",2,$78.47,MYY82AIK8SO
Oren Francis,1-713-747-4388,tempor.augue@google.couk,"4586 Et, Av.",478724,Munster,Chile,11,"malesuada ut, sem. Nulla interdum. Curabitur dictum. Phasellus in felis.",1,$59.06,POP72IKE1NM
Yvonne Reilly,(721) 868-5498,ut.nulla@outlook.couk,Ap #896-1149 Phasellus Av.,90445,Minas Gerais,South Korea,5,"risus varius orci, in consequat enim diam vel arcu. Curabitur",0,$70.30,BUS14GIV4ZX
Kiayada Garrison,(662) 345-3723,nullam.enim@aol.couk,Ap #363-744 Purus. St.,A6Z 8MQ,Ontario,Colombia,5,"tellus. Suspendisse sed dolor. Fusce mi lorem, vehicula et, rutrum",6,$23.56,PCJ13REE5RD
Desiree Hoover,(863) 574-1269,adipiscing.elit.curabitur@outlook.ca,989-5713 Sed Rd.,415452,Lorraine,Poland,19,"imperdiet non, vestibulum nec, euismod in, dolor. Fusce feugiat. Lorem",7,$75.21,OLB21DPI4EQ
Liberty Zamora,1-145-214-2513,fringilla.mi.lacinia@outlook.ca,Ap #145-2354 Eros Road,58859-544,Gangwon,Pakistan,1,"Mauris vestibulum, neque sed dictum eleifend, nunc risus varius orci,",9,$38.95,KPT65HFL8LC
Desirae Hurley,1-510-360-2881,pellentesque.sed@protonmail.couk,Ap #329-3478 Vestibulum. Ave,67N 4H5,Ceará,India,13,"Etiam laoreet, libero et tristique pellentesque, tellus sem mollis dui,",2,$64.39,CSF35HBJ3HU
Hanae Phelps,1-736-635-2857,egestas.a@aol.ca,Ap #957-6819 Vel St.,482676,Long An,Australia,11,accumsan neque et nunc. Quisque ornare tortor at risus. Nunc,9,$11.21,WHP46NLJ6FO
Dawn Sparks,(943) 482-5636,ut.lacus@aol.ca,847-3726 Commodo Street,75654,Overijssel,Mexico,13,"aliquet, sem ut cursus luctus, ipsum leo elementum sem, vitae",5,$23.76,FIR58TFU1PJ
Adele Trujillo,(577) 863-1628,nulla.in.tincidunt@outlook.org,652-5187 Mi Rd.,7916-3424,Haute-Normandie,Mexico,19,malesuada fames ac turpis egestas. Aliquam fringilla cursus purus. Nullam,8,$74.98,OQD44LLJ1DG
Meghan Dalton,(717) 539-6562,augue.scelerisque@protonmail.org,930-8179 Lorem. Rd.,344619,Overijssel,Poland,5,"scelerisque neque sed sem egestas blandit. Nam nulla magna, malesuada",2,$75.33,WJO36TBC3IS
Cassady Pickett,(404) 620-6471,sit.amet@hotmail.edu,"P.O. Box 797, 4605 Scelerisque, Avenue",76-64,North West,France,11,Phasellus dapibus quam quis diam. Pellentesque habitant morbi tristique senectus,10,$48.09,LOM65HTB7PM
Brennan Camacho,(417) 226-9908,elementum.sem.vitae@icloud.couk,Ap #596-2987 Commodo Avenue,336846,Cusco,Costa Rica,13,"velit in aliquet lobortis, nisi nibh lacinia orci, consectetuer euismod",9,$60.42,RNN52ITE2LF
Venus Orr,1-542-273-5825,arcu.nunc@aol.com,"P.O. Box 927, 6082 Curabitur Avenue",L4J 9S6,Maharastra,Brazil,3,quam vel sapien imperdiet ornare. In faucibus. Morbi vehicula. Pellentesque,6,$67.14,SFT63TRE4RK
Elizabeth Gutierrez,(495) 323-7212,dignissim.tempor@outlook.couk,6214 Nisi Ave,644351,Niedersachsen,Spain,9,"nibh. Donec est mauris, rhoncus id, mollis nec, cursus a,",2,$81.26,EEM37NQL6TD
Damon Ball,(512) 786-9647,orci.adipiscing.non@hotmail.net,929-5963 Eu Rd.,18446-869,Champagne-Ardenne,Brazil,19,"hendrerit neque. In ornare sagittis felis. Donec tempor, est ac",6,$40.17,QVF76CQF6MV
Karyn Salazar,1-985-349-3209,fames.ac@outlook.ca,9391 Adipiscing Ave,282356,Podlaskie,Ukraine,17,vel sapien imperdiet ornare. In faucibus. Morbi vehicula. Pellentesque tincidunt,3,$83.35,FHI81MWO6LA
Timothy Melendez,(503) 995-7724,fermentum.fermentum@yahoo.couk,811-1147 Enim Rd.,91050,Cartago,Ukraine,19,vitae odio sagittis semper. Nam tempor diam dictum sapien. Aenean,6,$14.84,VHC75EXP8WH
Zoe Oliver,(482) 407-1210,felis.ullamcorper@icloud.net,177-8273 In Ave,7749 QX,Novgorod Oblast,Peru,7,in faucibus orci luctus et ultrices posuere cubilia Curae Donec,2,$44.39,LKJ75GGX6DI
Quyn Woods,(164) 226-5822,urna.vivamus@outlook.org,Ap #237-9366 Dui. Road,6665,Friesland,Singapore,19,eu eros. Nam consequat dolor vitae dolor. Donec fringilla. Donec,7,$93.88,IHV55YNB0TO
Travis Mcfadden,1-513-624-8863,suspendisse.non@protonmail.net,2870 Malesuada Road,33461,Limpopo,Canada,17,sit amet massa. Quisque porttitor eros nec tellus. Nunc lectus,2,$99.77,PPW65XUO6PN
Quinlan Bell,(367) 535-4410,commodo.ipsum@hotmail.edu,"P.O. Box 375, 5925 Donec Rd.",7988,North Chungcheong,South Africa,17,"a, aliquet vel, vulputate eu, odio. Phasellus at augue id",2,$99.10,JDJ28DSM0UK
Lucy Everett,(278) 316-1120,accumsan.sed@outlook.com,992-3470 Et Av.,51632,Davao Region,Sweden,11,"amet, consectetuer adipiscing elit. Etiam laoreet, libero et tristique pellentesque,",7,$18.46,FTP24IDZ4BW
Karleigh French,(599) 804-8788,ut.aliquam@protonmail.net,411-5439 Dui St.,67277-82213,Jönköpings län,Russian Federation,17,"eget laoreet posuere, enim nisl elementum purus, accumsan interdum libero",6,$39.05,CNF34MSW7PQ
Harper Robles,(828) 273-2635,tempus@icloud.net,Ap #823-4904 Risus. Rd.,529226,Chihuahua,Sweden,13,Donec egestas. Duis ac arcu. Nunc mauris. Morbi non sapien,4,$68.97,MGT27JNK9YL
Adele Keller,1-717-154-1858,sapien.nunc.pulvinar@aol.couk,Ap #868-2764 Nibh. St.,665664,Papua,United States,3,nunc. In at pede. Cras vulputate velit eu sem. Pellentesque,9,$11.09,IWH13JJB4DD
Thane Larsen,(995) 859-3038,orci@icloud.org,254-2087 Orci. St.,I4B 8HY,North Island,Australia,9,Pellentesque tincidunt tempus risus. Donec egestas. Duis ac arcu. Nunc,6,$83.07,KDK62MRP3LH
Amos Cole,1-642-849-7768,scelerisque.neque@protonmail.com,664 Semper Rd.,694925,KwaZulu-Natal,Austria,19,nunc sed pede. Cum sociis natoque penatibus et magnis dis,1,$95.79,MCE64UJN5BJ
Kathleen Martinez,1-454-396-0759,nunc.sed@outlook.net,"513-7214 A, St.",664341,Agder,Indonesia,13,mauris a nunc. In at pede. Cras vulputate velit eu,6,$41.51,TQT88IJL7UH
Kenyon Campos,(607) 917-4114,taciti.sociosqu@outlook.edu,763-3056 A Av.,30055,Cajamarca,Colombia,1,orci. Donec nibh. Quisque nonummy ipsum non arcu. Vivamus sit,3,$71.24,VIE03ELE6PB
Sybil Burton,1-343-381-2454,est.congue@outlook.edu,8601 Aenean St.,14769,Azad Kashmir,Ukraine,7,enim non nisi. Aenean eget metus. In nec orci. Donec,5,$52.09,SMK35HDW2BE
Basil Holman,1-297-644-9291,aliquam@outlook.org,972-7185 Vulputate Ave,0071,Kentucky,Philippines,13,"egestas a, dui. Cras pellentesque. Sed dictum. Proin eget odio.",5,$7.14,YRR46YBC1YQ
Shafira Pierce,(291) 810-4408,diam.duis@outlook.ca,"P.O. Box 867, 7126 Urna Street",462776,Bạc Liêu,Vietnam,9,"consectetuer adipiscing elit. Etiam laoreet, libero et tristique pellentesque, tellus",2,$44.32,GYF46JJV4PM
Samantha Casey,1-374-109-4873,eleifend.non@icloud.edu,9995 Luctus. Street,18675,West Bengal,Norway,5,accumsan neque et nunc. Quisque ornare tortor at risus. Nunc,7,$52.07,QHC15BXW1WY
Indira Hawkins,1-862-912-0673,amet.consectetuer@google.couk,"Ap #437-158 Orci, Rd.",K42 5TH,Namen,France,9,"lectus pede et risus. Quisque libero lacus, varius et, euismod",6,$28.18,GCC32ZGP7TW
Keefe Bullock,1-837-245-5275,non@outlook.edu,"P.O. Box 666, 4242 Orci Ave",87454,Kano,Pakistan,1,"pharetra, felis eget varius ultrices, mauris ipsum porta elit, a",10,$99.04,EPC72HEZ1MM
Farrah Atkins,1-659-646-3291,convallis.est@protonmail.edu,"2719 Et, St.",52662-25444,Luxemburg,Ireland,1,"porttitor eros nec tellus. Nunc lectus pede, ultrices a, auctor",6,$56.35,EDW54OJX8NU
Kenyon Harmon,1-433-576-2957,ipsum.leo@protonmail.edu,651-6305 Bibendum. St.,51764,Chernivtsi oblast,Austria,19,"a, scelerisque sed, sapien. Nunc pulvinar arcu et pede. Nunc",4,$35.85,MXI53TUK2JS
Maya Travis,1-532-158-0739,nunc.sed.libero@hotmail.ca,7581 Auctor Street,234268,Stockholms län,South Korea,7,"egestas. Sed pharetra, felis eget varius ultrices, mauris ipsum porta",10,$0.83,UEF21CBW3BC
Kenyon Buchanan,(662) 743-5268,tempus.risus@aol.ca,"4450 Amet, Avenue",9417,Zeeland,Indonesia,15,In nec orci. Donec nibh. Quisque nonummy ipsum non arcu.,5,$92.53,YHA36VFF7LH
Alika Acevedo,(929) 737-3160,malesuada.ut@protonmail.ca,230-2159 Non Rd.,S9G 7KK,Hà Giang,New Zealand,13,enim diam vel arcu. Curabitur ut odio vel est tempor,6,$26.66,XSD87DCH5JS
Basil Reeves,1-152-257-3252,at.nisi@hotmail.couk,Ap #602-4529 Vestibulum St.,82305,Khmelnytskyi oblast,Poland,13,"ipsum. Suspendisse non leo. Vivamus nibh dolor, nonummy ac, feugiat",7,$44.07,YAO55KDS5ZB
Ulysses Andrews,1-751-461-3515,non.dapibus@aol.couk,Ap #892-4556 Scelerisque Street,56056,Special Capital Region of Jakarta,Vietnam,5,"Fusce aliquam, enim nec tempus scelerisque, lorem ipsum sodales purus,",7,$91.39,ORR58QCE6HP
Cassidy Hartman,1-200-755-6964,nibh@protonmail.net,"P.O. Box 183, 6039 Vestibulum Avenue",I8H 5Y0,Sucre,Peru,17,tincidunt pede ac urna. Ut tincidunt vehicula risus. Nulla eget,6,$73.30,BVT35AWW6NF
Halee Mcmahon,(465) 425-2146,integer.sem@google.edu,265-9284 Arcu. Ave,495415,North-East Region,Costa Rica,9,bibendum fermentum metus. Aenean sed pede nec ante blandit viverra.,9,$60.46,MYX83OHN9SU
Kevyn Wade,(822) 326-0258,eu@outlook.net,Ap #317-5009 Eu Ave,35395,South Island,Singapore,5,nisl. Maecenas malesuada fringilla est. Mauris eu turpis. Nulla aliquet.,6,$19.28,RLU55DOB1OM
Silas Morgan,1-733-586-0825,primis@hotmail.edu,Ap #314-1357 In Rd.,20005,Borno,Brazil,15,eget odio. Aliquam vulputate ullamcorper magna. Sed eu eros. Nam,4,$12.93,EVV73YMZ7ZG
Beck Adkins,(238) 452-7852,turpis.aliquam@aol.ca,545-6715 Integer St.,83204,Borno,France,19,Integer id magna et ipsum cursus vestibulum. Mauris magna. Duis,4,$34.70,IJK03DIV4BO
Herrod Gross,(593) 282-4426,orci.ut@icloud.ca,237-3505 Dolor Ave,95618-18787,Tver Oblast,Pakistan,15,"Proin velit. Sed malesuada augue ut lacus. Nulla tincidunt, neque",2,$63.75,NZL54KDW2RS
Rhea Willis,1-520-919-9431,nec.malesuada@protonmail.com,Ap #584-9757 Donec Street,54616,Oost-Vlaanderen,India,19,"nec ante. Maecenas mi felis, adipiscing fringilla, porttitor vulputate, posuere",3,$0.90,PUT31KHF1BB
Rylee Gamble,(181) 854-1768,in@hotmail.com,123-1110 Nisi. Rd.,6175,Saskatchewan,Belgium,5,ut eros non enim commodo hendrerit. Donec porttitor tellus non,2,$62.52,BWT00DIV1WY
Hadassah Mack,1-227-271-4489,ornare.in@aol.org,"Ap #566-4599 Elit, Rd.",234798,Andaman and Nicobar Islands,Russian Federation,7,"egestas. Aliquam nec enim. Nunc ut erat. Sed nunc est,",6,$77.49,XWX48ECX5PL
Olympia Dale,(471) 348-4223,bibendum.ullamcorper@protonmail.org,Ap #374-6526 Diam. Rd.,943866,Andhra Pradesh,Turkey,5,Suspendisse tristique neque venenatis lacus. Etiam bibendum fermentum metus. Aenean,8,$65.19,MDF21BLR9BP
Davis Whitaker,1-938-476-5679,a.tortor.nunc@hotmail.edu,"707-3296 Elit, Avenue",51H 7E7,Loreto,Brazil,3,Aliquam fringilla cursus purus. Nullam scelerisque neque sed sem egestas,8,$4.43,JWW86OFT5OE
Rhonda Hatfield,(137) 578-4865,hendrerit@hotmail.com,Ap #105-5837 Proin St.,11605,Luxemburg,Poland,15,"natoque penatibus et magnis dis parturient montes, nascetur ridiculus mus.",1,$21.54,VUI51CRI0VR
Solomon Sherman,(829) 714-5142,dis.parturient@yahoo.couk,"Ap #617-3825 Tincidunt, Road",766773,Munster,Belgium,7,"mauris. Integer sem elit, pharetra ut, pharetra sed, hendrerit a,",1,$68.42,WWF64STI4XL
Ezekiel Fuller,(729) 450-6138,montes.nascetur@icloud.com,392-8877 Vivamus Rd.,68626-83642,West Region,Russian Federation,5,"lorem, luctus ut, pellentesque eget, dictum placerat, augue. Sed molestie.",2,$94.98,LOR74ANC5JI
Roary Alston,(137) 823-8502,odio.auctor.vitae@hotmail.edu,274-9376 Et Ave,3314,Rheinland-Pfalz,Norway,5,"commodo ipsum. Suspendisse non leo. Vivamus nibh dolor, nonummy ac,",4,$67.45,EIM55BUV2VO
Meredith Weeks,(329) 515-2223,sodales.at.velit@protonmail.edu,"Ap #411-644 Vel, St.",6205,Jönköpings län,Brazil,19,"massa. Quisque porttitor eros nec tellus. Nunc lectus pede, ultrices",0,$46.76,UES76DUN7GY
Vivian Hoffman,(587) 519-6707,dolor.sit.amet@hotmail.com,Ap #350-7025 Consectetuer Road,2045 HX,Andhra Pradesh,Ukraine,17,sit amet massa. Quisque porttitor eros nec tellus. Nunc lectus,2,$56.52,EVW25TYO6ZT
Calista Dudley,1-540-523-8363,euismod.in@icloud.org,Ap #130-6787 Turpis. Rd.,46758-554,Aquitaine,Singapore,11,"nisi nibh lacinia orci, consectetuer euismod est arcu ac orci.",6,$4.55,LYF78IID5WO
Madeline Perry,1-171-829-8659,tempor.augue.ac@yahoo.com,1736 Praesent Avenue,13282-56281,Jönköpings län,Belgium,15,magna. Suspendisse tristique neque venenatis lacus. Etiam bibendum fermentum metus.,4,$83.00,ROY26OKB1VD
Harding Shaw,1-661-869-8517,et.rutrum.non@aol.org,747-3479 Mauris. Rd.,549084,Heredia,Germany,11,"velit dui, semper et, lacinia vitae, sodales at, velit. Pellentesque",2,$54.82,SDF84UEE0EH
Carson Mcdowell,1-118-822-7666,tincidunt.congue.turpis@outlook.com,"P.O. Box 776, 818 Dui Road",8241,Trentino-Alto Adige,China,17,non arcu. Vivamus sit amet risus. Donec egestas. Aliquam nec,1,$80.14,IDR82ELC7PG
Andrew Chen,1-459-845-9554,mi.pede@yahoo.edu,165-1328 Eu St.,1328,Central Region,Colombia,9,risus. Donec egestas. Duis ac arcu. Nunc mauris. Morbi non,4,$96.76,SIH25TYK8FG
Akeem Giles,1-701-503-4337,non.massa@icloud.edu,Ap #469-5583 Phasellus Avenue,605510,Warmińsko-mazurskie,Canada,17,Duis gravida. Praesent eu nulla at sem molestie sodales. Mauris,7,$72.75,VZG21VXK4PS
Evan Velez,1-261-848-7728,in.cursus@google.ca,191-4173 Ipsum. Rd.,249745,Murcia,Ireland,13,"Aliquam gravida mauris ut mi. Duis risus odio, auctor vitae,",10,$23.76,CRT40LWR5QP
Dorian Brooks,1-729-875-5095,tincidunt.vehicula@google.org,Ap #969-1893 Donec Av.,44281,Azad Kashmir,Poland,11,"Fusce diam nunc, ullamcorper eu, euismod ac, fermentum vel, mauris.",8,$53.26,YKE54ITE8OY
Davis Rios,1-170-643-7643,eget.metus.in@aol.edu,1849 Sed St.,76453,Provence-Alpes-Côte d'Azur,Australia,3,egestas. Fusce aliquet magna a neque. Nullam ut nisi a,10,$29.84,YWB16CYL5GS
Yvette Gregory,1-329-562-7785,neque.tellus@icloud.org,"8919 Eleifend, Rd.",04692,Bursa,France,7,euismod est arcu ac orci. Ut semper pretium neque. Morbi,5,$26.28,JPJ75EVZ2CS
Riley Garcia,(532) 621-4835,pede.suspendisse@google.org,"4031 At, Road",1115,Bauchi,Netherlands,9,"nisi nibh lacinia orci, consectetuer euismod est arcu ac orci.",1,$20.01,NKQ33QOK7PM
Craig Andrews,(997) 953-7158,curabitur.ut@yahoo.org,5114 Ornare. Avenue,4079,Östergötlands län,Poland,17,"parturient montes, nascetur ridiculus mus. Proin vel nisl. Quisque fringilla",8,$63.13,SRY83JHV6WD
Hedwig Cunningham,(727) 824-6401,odio.a.purus@aol.ca,"P.O. Box 688, 3826 Dolor, St.",746714,Nordrhein-Westphalen,Costa Rica,15,"malesuada id, erat. Etiam vestibulum massa rutrum magna. Cras convallis",5,$23.12,EXP18IBR4VP
Clio Oliver,1-729-458-5667,elementum.at@hotmail.org,"944-1586 Erat, Av.",72504,Biobío,Chile,9,"ut ipsum ac mi eleifend egestas. Sed pharetra, felis eget",4,$19.67,UUZ00JTL2JX
Valentine Willis,(964) 453-5864,rutrum.eu.ultrices@google.com,"Ap #663-2538 Non, Road",10512,North Island,United States,15,"ultrices sit amet, risus. Donec nibh enim, gravida sit amet,",8,$32.93,YPD78TQC2CP
Boris Mccall,(387) 923-0822,lacus.etiam@icloud.net,Ap #589-1127 Quis Road,8925,East Region,Chile,7,"tortor, dictum eu, placerat eget, venenatis a, magna. Lorem ipsum",4,$51.36,BTL16LHY6VJ
Katell Weeks,1-969-462-5424,torquent@icloud.com,"P.O. Box 661, 2240 Faucibus Rd.",8870,Idaho,Ukraine,3,Integer mollis. Integer tincidunt aliquam arcu. Aliquam ultrices iaculis odio.,6,$9.67,CDE10LQR8YX
Christopher Strickland,1-731-447-7066,eget.ipsum.donec@yahoo.ca,Ap #293-1099 Aliquam Avenue,55515,Heredia,Belgium,1,"elementum sem, vitae aliquam eros turpis non enim. Mauris quis",1,$1.72,NJF62SUQ6AV
Claire Solis,1-231-821-3132,tincidunt@yahoo.org,773-6907 Tristique Avenue,81341,Connecticut,Sweden,11,vitae erat vel pede blandit congue. In scelerisque scelerisque dui.,5,$99.31,ELC05CTX0JX
